part,before_unique,after_unique,resolver_warnings,families
10.dat,0,764,0,cylinder
10039.dat,0,34,0,cylinder
10040.dat,0,24,0,cylinder
10040c01.dat,0,34,0,cylinder
10041.dat,2,10,0,cylinder
10049.dat,0,1,0,cylinder
10049p01.dat,0,1,0,cylinder
100943.dat,0,2,0,cylinder
100943p01.dat,0,2,0,cylinder
101.dat,3,8,0,cylinder
10126.dat,0,1,0,cylinder
10128p01c01.dat,3,8,0,cylinder
10199.dat,32,96,0,cylinder
10201.dat,2,13,0,cylinder
10238.dat,0,1,0,cylinder
10247.dat,4,12,0,cylinder
103.dat,0,16,0,cylinder
10304.dat,7,11,0,cylinder
10350c01.dat,0,2,0,cylinder
10350p01c01.dat,0,2,0,cylinder
10350p02c01.dat,0,2,0,cylinder
10351.dat,0,1,0,cylinder
10351p01.dat,0,1,0,cylinder
10351p02.dat,0,1,0,cylinder
10352c01.dat,7,11,0,cylinder;generic
10353.dat,4,8,0,cylinder;generic
103c.dat,0,4,0,cylinder
10509.dat,0,17,0,cylinder;generic
10509p01.dat,0,17,0,cylinder;generic
10509p02.dat,0,17,0,cylinder;generic
10520.dat,0,1,0,cylinder
10532.dat,0,1,0,cylinder
10677.dat,0,5,10,cylinder
10679.dat,0,8,0,cylinder
10679b.dat,0,8,0,cylinder
10679bp01.dat,0,8,0,cylinder
10679p01.dat,0,8,0,cylinder
10715.dat,6,38,0,cylinder;clip
10715p01.dat,6,38,0,cylinder;clip
10715p02.dat,6,38,0,cylinder;clip
10756.dat,0,5,0,cylinder
10907c01.dat,1,2,1,cylinder;generic
10a.dat,12,764,0,cylinder
10b.dat,0,768,0,cylinder
10p01.dat,31,764,0,cylinder
10p02.dat,40,764,0,cylinder
10p03.dat,72,764,0,cylinder
10p04.dat,56,764,0,cylinder
10p05.dat,24,764,0,cylinder
10p06.dat,48,764,0,cylinder
10p07.dat,36,764,0,cylinder
10p08.dat,66,764,0,cylinder
10p09.dat,45,764,0,cylinder
10p0a.dat,100,764,0,cylinder
10p0b.dat,43,764,0,cylinder
11.dat,5,11,0,cylinder;generic
11002.dat,3,7,0,cylinder
11097.dat,3,7,0,cylinder
11145.dat,0,2,0,generic
11146.dat,0,2,0,generic
11147.dat,0,2,0,generic
11153.dat,5,7,0,cylinder
11170.dat,0,4,0,cylinder
11187.dat,1,2,0,cylinder
11187a.dat,0,1,0,cylinder
11198.dat,0,16,0,cylinder
11202p01c01.dat,2,5,0,fingers;cylinder;generic
11202p02c01.dat,2,5,0,fingers;cylinder;generic
11202p03c01.dat,2,5,0,fingers;cylinder;generic
11202p04c01.dat,2,5,0,fingers;cylinder;generic
11211.dat,7,9,0,cylinder
11212.dat,9,18,0,cylinder
11213.dat,26,50,0,cylinder
11215.dat,1,11,0,cylinder
11244p01c01.dat,2,5,0,fingers;cylinder;generic
11244p02c01.dat,2,5,0,fingers;cylinder;generic
11248.dat,6,34,0,cylinder;clip
11267.dat,15,19,0,cylinder
11272.dat,1,3,0,cylinder
11293.dat,8,17,0,cylinder
11293c01.dat,4,17,0,cylinder
11295.dat,39,61,0,cylinder
11301.dat,19,35,0,cylinder
11345.dat,0,32,0,cylinder
11377.dat,0,24,0,cylinder
11399.dat,18,34,0,clip;cylinder
11477d01.dat,0,2,0,cylinder
11477dy0.dat,0,2,0,cylinder
11477dy1.dat,0,2,0,cylinder
11477dy2.dat,0,2,0,cylinder
11477dy3.dat,0,2,0,cylinder
11477dy4.dat,0,2,0,cylinder
11477dy5.dat,0,2,0,cylinder
11477dy6.dat,0,2,0,cylinder
11477dy7.dat,0,2,0,cylinder
11477dy8.dat,0,2,0,cylinder
11477dy9.dat,0,2,0,cylinder
11477dya.dat,0,2,0,cylinder
11477dyb.dat,0,2,0,cylinder
11477dyc.dat,0,2,0,cylinder
11477dyd.dat,0,2,0,cylinder
11477dye.dat,0,2,0,cylinder
11477dyf.dat,0,2,0,cylinder
11477dyg.dat,0,2,0,cylinder
11477dyh.dat,0,2,0,cylinder
11477dyk.dat,0,2,0,cylinder
11477dyl.dat,0,2,0,cylinder
11477dym.dat,0,2,0,cylinder
11477dyn.dat,0,2,0,cylinder
11650.dat,12,92,0,cylinder
117.dat,0,2,0,cylinder
11767.dat,0,6,0,cylinder
117p47.dat,0,2,0,cylinder
11809.dat,0,1,0,cylinder
11833.dat,9,17,0,cylinder
11938.dat,0,5,2,cylinder
11953.dat,1,3,0,cylinder
120.dat,2,10,0,cylinder
121.dat,5,9,0,cylinder
122.dat,0,11,0,cylinder
122c01.dat,5,11,0,cylinder
122c02.dat,5,11,0,cylinder
122c03.dat,2,13,0,cylinder;generic
122c04.dat,2,13,0,cylinder;generic
122c05.dat,0,11,0,cylinder
122c06.dat,0,11,0,cylinder
122c07.dat,2,13,0,cylinder
124.dat,2,4,0,cylinder
125.dat,0,4,0,cylinder
125c01.dat,0,132,0,cylinder
126.dat,2,128,0,cylinder
12622.dat,8,106,0,cylinder
12622p01.dat,8,106,0,cylinder
12799.dat,0,15,0,cylinder
127c01.dat,0,7,0,cylinder
127c02.dat,0,7,0,cylinder
12896.dat,0,5,10,cylinder
12896p01.dat,0,5,10,cylinder
12939.dat,2,8,0,cylinder
13.dat,0,6,0,cylinder
13252.dat,0,4,2,cylinder
13269.dat,20,24,0,cylinder
13349.dat,11,13,0,cylinder
134.dat,0,5,0,cylinder
13547.dat,3,5,0,cylinder
13670.dat,1,4,0,cylinder
13731.dat,15,19,0,cylinder
13760c01.dat,0,19,0,cylinder
13760c02.dat,0,19,0,cylinder
13770.dat,0,3,0,cylinder
138.dat,0,1,0,fingers
13965.dat,2,4,0,cylinder
13971c01.dat,0,1,0,cylinder
14.dat,2,2,0,cylinder
140.dat,0,2,0,cylinder
141.dat,0,2,0,cylinder
14137.dat,6,15,1,cylinder
14181.dat,36,62,0,cylinder
142.dat,0,1,0,cylinder
14285.dat,0,2,0,cylinder
14395.dat,4,6,0,cylinder
14417.dat,5,9,0,cylinder;generic
14418.dat,4,8,0,cylinder;generic
14419.dat,5,9,0,cylinder;generic
14520.dat,11,17,0,cylinder
14639.dat,0,38,0,cylinder;clip
14639p01.dat,0,38,0,cylinder;clip
14639p02.dat,0,38,0,cylinder;clip
14639p03.dat,0,38,0,cylinder;clip
14639p04.dat,0,38,0,cylinder;clip
14639p05.dat,0,38,0,cylinder;clip
14639p06.dat,0,38,0,cylinder;clip
14639p07.dat,0,38,0,cylinder;clip
14639p08.dat,0,38,0,cylinder;clip
14704.dat,4,8,0,cylinder;generic
14707.dat,6,14,0,cylinder
14718.dat,4,15,0,cylinder
14718px0.dat,4,15,0,cylinder
14718px1.dat,4,15,0,cylinder
14718px2.dat,4,15,0,cylinder
14720.dat,5,9,0,cylinder
14721.dat,0,32,0,cylinder
14769d01.dat,0,6,0,cylinder
148.dat,0,2,0,cylinder
149.dat,0,5,0,cylinder
14918.dat,6,7,0,cylinder
15038c01.dat,0,7,0,cylinder
15068dx0.dat,0,5,0,cylinder
15068dy0.dat,0,5,0,cylinder
15068dy1.dat,0,5,0,cylinder
15068dy5.dat,0,5,0,cylinder
15068dy6.dat,0,5,0,cylinder
15068dy7.dat,0,5,0,cylinder
15068dy8.dat,0,5,0,cylinder
15068dym.dat,0,5,0,cylinder
15071.dat,9,17,0,cylinder
15086.dat,3,7,0,cylinder
15092.dat,2,10,0,cylinder
151.dat,2,6,0,cylinder
15103c01.dat,0,2,0,cylinder
15108.dat,3,11,0,cylinder
152.dat,1,9,0,cylinder
15208.dat,3,5,0,cylinder
15254.dat,2,8,0,cylinder
153.dat,3,7,0,cylinder
15301.dat,4,7,0,cylinder
15302.dat,0,8,0,cylinder
15314.dat,0,40,0,cylinder
15332.dat,4,15,0,cylinder
15336p01.dat,0,2,0,cylinder
15336p02.dat,0,2,0,cylinder
15361.dat,5,7,0,cylinder
15391c02.dat,3,6,2,cylinder;fingers
15396.dat,1,5,2,cylinder
15396c02.dat,5,13,21,cylinder;fingers
15397.dat,7,10,0,cylinder
15400.dat,5,16,0,cylinder;generic
15400c01.dat,7,18,0,cylinder;generic
15403c01.dat,5,8,0,cylinder;fingers
15403c02.dat,8,11,0,cylinder;fingers
15455.dat,28,35,0,cylinder
15456.dat,1,5,1,cylinder;generic
15466c01.dat,0,8,0,cylinder
15466c02.dat,0,8,0,cylinder
15466p01c01.dat,0,8,0,cylinder
15466p01c02.dat,0,8,0,cylinder
15515.dat,0,8,0,cylinder
15533.dat,4,11,0,cylinder
15536.dat,3,7,0,cylinder
15540.dat,1,9,0,cylinder
15551.dat,2,3,0,cylinder
15556.dat,3,5,0,cylinder
15556a.dat,0,2,0,cylinder
15580.dat,0,4,0,cylinder
15587.dat,0,2,0,cylinder
15588.dat,3,6,0,cylinder
15601.dat,0,1,0,cylinder
15602.dat,0,1,0,cylinder
15623.dat,260,424,0,cylinder
15624.dat,68,124,0,cylinder
15625.dat,36,40,0,cylinder
15626.dat,0,80,0,cylinder
15627.dat,10,27,0,cylinder;fingers
15672dy0.dat,2,4,0,cylinder
15672dy1.dat,2,4,0,cylinder
157.dat,2,4,0,cylinder
15706.dat,8,22,0,cylinder
158.dat,1,2,0,cylinder
15864.dat,0,6,0,cylinder
15864p01.dat,0,6,0,cylinder
159.dat,1,2,0,cylinder
15926.dat,0,1,0,cylinder
16001.dat,0,2,0,cylinder
16001p00.dat,0,2,0,cylinder
16001p01.dat,0,2,0,cylinder
16001p02.dat,0,2,0,cylinder
16001p03.dat,0,2,0,cylinder
16001p04.dat,0,2,0,cylinder
16001p05.dat,0,2,0,cylinder
16091.dat,1,2,0,cylinder
161.dat,2,3,0,clip;cylinder
16237.dat,0,2,0,cylinder
163.dat,10,18,0,cylinder;fingers
16360p01.dat,0,5,8,cylinder
16424.dat,0,6,0,cylinder
16477.dat,13,19,0,cylinder
164c01.dat,8,42,0,cylinder
164c01d01.dat,0,42,0,cylinder
164c01d02.dat,0,42,0,cylinder
164c01d03.dat,0,42,0,cylinder
164c02.dat,8,42,0,cylinder
16529p01c01.dat,2,4,0,cylinder;fingers;generic
16529p02c01.dat,2,4,0,cylinder;fingers;generic
16577.dat,2,10,0,cylinder
16615.dat,2,8,0,cylinder
16616.dat,1,9,0,cylinder
169.dat,0,2,0,cylinder
170.dat,6,18,0,cylinder
170c01.dat,8,20,0,cylinder
17114.dat,7,11,0,cylinder;generic
17134.dat,0,2,0,cylinder
17141.dat,1,3,0,cylinder
174.dat,4,5,0,cylinder
17454.dat,4,15,0,cylinder
17454c01.dat,0,15,0,cylinder
17454c02.dat,0,15,0,cylinder
175.dat,0,74,0,cylinder
1750.dat,5,7,0,cylinder
17514.dat,8,12,0,cylinder
176.dat,1,3,0,cylinder;fingers
177.dat,0,1,0,fingers
178.dat,2,5,0,cylinder
179.dat,0,3,0,cylinder
17964.dat,0,3,0,cylinder
18.dat,0,2,0,cylinder
180.dat,9,12,0,cylinder
181.dat,0,34,0,cylinder
18171.dat,3,5,0,cylinder
182.dat,26,28,0,cylinder
182c01.dat,26,74,0,cylinder
183.dat,0,46,0,cylinder
18386.dat,0,12,0,cylinder
184.dat,0,288,0,cylinder
18455.dat,9,15,1,cylinder
18459.dat,0,1,0,cylinder
1846.dat,3,5,0,cylinder
185.dat,18,20,0,cylinder
18585.dat,6,22,0,cylinder
185c01.dat,18,74,0,cylinder
185c01d01.dat,0,74,0,cylinder
185c01d03.dat,0,74,0,cylinder
185c02.dat,18,74,0,cylinder
186.dat,0,54,0,cylinder
18601.dat,188,368,0,cylinder
18602.dat,0,4,0,cylinder
18603c01.dat,0,4,0,cylinder
18603c02.dat,0,2,0,cylinder
18603c02p01.dat,0,2,0,cylinder
18603c02p02.dat,0,2,0,cylinder
18603c02p03.dat,0,2,0,cylinder
18603c02p04.dat,0,2,0,cylinder
18603c02p05.dat,0,2,0,cylinder
18603c02p06.dat,0,2,0,cylinder
18603c02p07.dat,0,2,0,cylinder
18603c02p0f.dat,0,2,0,cylinder
18605.dat,0,2,0,cylinder
18605p01.dat,0,2,0,cylinder
18605p02.dat,0,2,0,cylinder
18605p03.dat,0,2,0,cylinder
18605p04.dat,0,2,0,cylinder
18605p05.dat,0,2,0,cylinder
18605p06.dat,0,2,0,cylinder
18605p07.dat,0,2,0,cylinder
18605p0f.dat,0,2,0,cylinder
18646.dat,12,22,0,cylinder
18649.dat,5,7,0,cylinder
18671.dat,7,13,0,cylinder
18677.dat,2,6,0,cylinder
18729.dat,0,4,0,cylinder
1874.dat,0,10,0,cylinder
18746.dat,4,9,0,cylinder
1874p01.dat,0,10,0,cylinder
18783.dat,0,4,0,cylinder
187c01.dat,37,75,1,cylinder;clip
188.dat,50,75,0,cylinder;clip
18836.dat,0,1,0,cylinder
18836p40.dat,0,1,0,cylinder
18836p41.dat,0,1,0,cylinder
18836p42.dat,0,1,0,cylinder
18836pq0.dat,0,1,0,cylinder
18838.dat,6,14,0,cylinder
18841.dat,0,8,0,cylinder
18857.dat,0,32,0,cylinder
18859.dat,6,14,0,cylinder
18860.dat,2,4,0,cylinder
18862.dat,0,1,0,cylinder
18870.dat,1,2,0,cylinder
18892.dat,12,20,0,cylinder
18895.dat,2,6,0,cylinder
18895c01.dat,7,13,4,cylinder;clip
18895p01.dat,2,6,0,cylinder
18895p02.dat,2,6,0,cylinder
18896.dat,13,17,1,clip;cylinder
18897.dat,46,62,0,cylinder
18904.dat,0,6,0,cylinder
18904c01.dat,2,8,0,cylinder
18910.dat,9,11,0,cylinder
18912.dat,4,498,0,cylinder
18922.dat,132,228,0,cylinder
18923.dat,8,168,0,cylinder
18926.dat,0,52,0,cylinder
18937.dat,0,168,0,cylinder
18970.dat,4,8,0,cylinder
18973p06d01.dat,0,4,0,cylinder
18973p09.dat,0,4,0,cylinder
18974.dat,10,14,0,cylinder
18975.dat,10,22,0,cylinder
18976c01.dat,0,2,0,cylinder
18980.dat,10,20,0,cylinder
189c01.dat,4,12,0,cylinder
19066.dat,0,20,0,cylinder
19066c01.dat,2,22,0,cylinder;generic
19071.dat,32,84,0,cylinder;generic
19079.dat,46,62,0,cylinder
19119c02.dat,19,25,0,cylinder
19121.dat,4,15,0,cylinder
19212.dat,12,39,0,cylinder
19212p01.dat,12,39,0,cylinder
1927.dat,0,12,0,cylinder
193.dat,0,2,0,fingers;cylinder
1939.dat,0,3,0,cylinder
19466c01.dat,2,3,0,cylinder
19474-f1.dat,0,7,0,cylinder
19474-f2.dat,0,7,0,cylinder
19474-f3.dat,0,7,0,cylinder
19475-f1.dat,0,6,0,cylinder
19475-f2.dat,0,6,0,cylinder
19476-f1.dat,0,5,0,cylinder
19476-f2.dat,0,5,0,cylinder
19478-f1.dat,0,4,0,cylinder
19478-f2.dat,0,4,0,cylinder
19482-f1.dat,0,5,0,cylinder
19482-f2.dat,0,5,0,cylinder
195.dat,6,23,0,cylinder
197.dat,0,38,0,cylinder
198.dat,8,27,0,cylinder
199.dat,9,10,0,cylinder
19952.dat,3,6,0,cylinder
19953.dat,3,6,0,cylinder
19954.dat,0,12,0,cylinder
20033.dat,0,498,0,cylinder
20033c01.dat,0,498,0,cylinder
20033c02.dat,0,498,0,cylinder
202.dat,0,12,0,cylinder
20294.dat,0,6,0,cylinder
20296.dat,0,6,0,cylinder
20299.dat,0,6,0,cylinder
20300.dat,0,6,0,cylinder
20380p01c01.dat,2,5,0,fingers;cylinder;generic
20380p02c01.dat,2,5,0,fingers;cylinder;generic
2038d01.dat,1,3,0,cylinder
2038d02.dat,1,3,0,cylinder
2041.dat,0,12,0,cylinder
2042.dat,0,24,0,cylinder
2042c01.dat,2,26,0,cylinder;fingers
2042c02.dat,2,26,0,cylinder;fingers
2042c03.dat,2,26,0,cylinder;fingers
20430.dat,6,18,0,cylinder
2044c01.dat,0,4,0,cylinder
2045.dat,0,4,0,cylinder
20455.dat,2,10,0,cylinder
2046.dat,9,13,0,cylinder
20460pckc.dat,0,4,0,cylinder
20461.dat,0,4,0,cylinder
20461b.dat,0,4,0,cylinder
20461bp00.dat,0,4,0,cylinder
20461bp01.dat,0,4,0,cylinder
20461bp02.dat,0,4,0,cylinder
20461bp03.dat,0,4,0,cylinder
20461bp04.dat,0,4,0,cylinder
20461bp05.dat,0,4,0,cylinder
20461bp06.dat,0,4,0,cylinder
20461bp07.dat,0,4,0,cylinder
20461bp08.dat,0,4,0,cylinder
20461bp09.dat,0,4,0,cylinder
20461bp0a.dat,0,4,0,cylinder
20461bp0c.dat,0,4,0,cylinder
20461bp0e.dat,0,4,0,cylinder
20461bpckc.dat,0,4,0,cylinder
20461bpd87.dat,0,4,0,cylinder
20461bpd92.dat,0,4,0,cylinder
20461bpx0.dat,0,4,0,cylinder
20461bpx1.dat,0,4,0,cylinder
20461bpx2.dat,0,4,0,cylinder
20461bpx3.dat,0,4,0,cylinder
20461p00.dat,0,4,0,cylinder
20461p01.dat,0,4,0,cylinder
20461p02.dat,0,4,0,cylinder
20461p03.dat,0,4,0,cylinder
20461p04.dat,0,4,0,cylinder
20461p05.dat,0,4,0,cylinder
20461p06.dat,0,4,0,cylinder
20461p07.dat,0,4,0,cylinder
20461p08.dat,0,4,0,cylinder
20461p09.dat,0,4,0,cylinder
20461pd87.dat,0,4,0,cylinder
20461pd92.dat,0,4,0,cylinder
20461px0.dat,0,4,0,cylinder
20461px1.dat,0,4,0,cylinder
2048.dat,42,66,2,cylinder;fingers
205.dat,1,2,0,cylinder
206.dat,0,5,0,cylinder
20695.dat,1,3,0,cylinder
20695p01.dat,1,3,0,cylinder
208.dat,1,2,0,cylinder
20835.dat,0,8,0,cylinder
20841.dat,0,16,0,cylinder
20841c01.dat,0,17,0,cylinder;generic
20842.dat,0,6,0,cylinder
20844.dat,0,14,0,cylinder
20844c01.dat,0,15,0,cylinder;generic
208c01.dat,0,4,0,cylinder
210.dat,0,352,0,cylinder
21019.dat,0,12,0,cylinder
21019b.dat,0,12,0,cylinder
21019bp00.dat,0,12,0,cylinder
21019bp01.dat,0,12,0,cylinder
21019bp02.dat,0,12,0,cylinder
21019bp03.dat,0,12,0,cylinder
21019bp04.dat,0,12,0,cylinder
21019bp05.dat,0,12,0,cylinder
21019bp06.dat,0,12,0,cylinder
21019bp07.dat,0,12,0,cylinder
21019bp08.dat,0,12,0,cylinder
21019bp09.dat,0,12,0,cylinder
21019bp0a.dat,0,12,0,cylinder
21019bp0b.dat,0,12,0,cylinder
21019bp0c.dat,0,12,0,cylinder
21019bp0d.dat,0,12,0,cylinder
21019bp0e.dat,0,12,0,cylinder
21019bpckc.dat,0,12,0,cylinder
21019bpd87.dat,0,12,0,cylinder
21019bpd92.dat,0,12,0,cylinder
21019bpx0.dat,0,12,0,cylinder
21019bpx1.dat,0,12,0,cylinder
21019bpx2.dat,0,12,0,cylinder
21019bpx3.dat,0,12,0,cylinder
21019p00.dat,0,12,0,cylinder
21019p01.dat,0,12,0,cylinder
21019p02.dat,0,12,0,cylinder
21019p03.dat,0,12,0,cylinder
21019p04.dat,0,12,0,cylinder
21019p05.dat,0,12,0,cylinder
21019p06.dat,0,12,0,cylinder
21019p07.dat,0,12,0,cylinder
21019p08.dat,0,12,0,cylinder
21019p09.dat,0,12,0,cylinder
21019pckc.dat,0,12,0,cylinder
21019pd87.dat,0,12,0,cylinder
21019pd92.dat,0,12,0,cylinder
21019px0.dat,0,12,0,cylinder
21019px1.dat,0,12,0,cylinder
211.dat,0,254,0,cylinder
21100.dat,0,1,0,cylinder
212.dat,1,10,0,cylinder
21271.dat,4,9,0,cylinder
21271p01.dat,4,9,0,cylinder
21301.dat,39,75,0,cylinder
2131.dat,4,12,0,cylinder
21445.dat,3,6,0,cylinder
2146.dat,0,8,0,cylinder
2146c01.dat,0,12,0,cylinder
216.dat,0,2,0,fingers
217.dat,6,43,0,cylinder
21731.dat,2,21,0,cylinder
21849.dat,1,5,0,cylinder
21849ps1.dat,1,5,0,cylinder
21849ps2.dat,1,5,0,cylinder
21980.dat,2,25,0,cylinder
21980c01.dat,2,26,0,cylinder;generic
22.dat,2,3,0,cylinder;fingers
22011.dat,16,26,0,cylinder
2207.dat,0,96,0,cylinder
2207c01.dat,12,108,0,cylinder
2207p01.dat,0,96,0,cylinder
2207p01c01.dat,12,108,0,cylinder
2210.dat,0,96,0,cylinder
2210c01.dat,21,117,0,cylinder
22127.dat,0,16,0,generic;cylinder
22167.dat,0,18,0,generic;cylinder
22168.dat,1,4,0,cylinder;generic
22169.dat,0,16,0,cylinder
22169c01.dat,0,17,0,cylinder;generic
22172.dat,0,36,0,cylinder
22172c01.dat,0,37,0,cylinder;generic
22253c01.dat,1,7,0,cylinder
22253c02.dat,1,7,0,cylinder
22378.dat,0,2,0,cylinder
22387.dat,10,37,0,cylinder
22391.dat,8,10,0,cylinder
22402.dat,1,9,0,cylinder
22408.dat,5,9,0,cylinder
22409.dat,3,7,0,cylinder
22578.dat,5,21,0,cylinder
22749.dat,0,4,0,cylinder
22881.dat,0,12,0,cylinder
22885.dat,3,13,0,cylinder
22886.dat,3,5,0,cylinder
22888.dat,30,48,0,cylinder
22889.dat,12,20,0,cylinder
22890.dat,5,9,0,cylinder;generic
229.dat,2,3,0,cylinder
2296.dat,11,287,0,cylinder
2296p01.dat,8,287,0,cylinder
22972.dat,0,4,0,cylinder
2302.dat,0,8,0,cylinder
231.dat,2,4,0,cylinder
2312.dat,10,34,0,cylinder;clip
23167.dat,0,106,0,cylinder
23321.dat,2,51,1,cylinder
23323.dat,10,42,0,cylinder
2332a.dat,0,16,0,cylinder
2332ac01.dat,0,16,0,cylinder
2335d01.dat,0,2,0,clip
2335d02.dat,0,2,0,clip
2335d03.dat,0,2,0,clip
2335d04.dat,0,2,0,clip
2336.dat,33,39,0,cylinder
2336p01.dat,33,39,0,cylinder
2336p35.dat,33,39,0,cylinder
2336p36.dat,33,39,0,cylinder
2336p68.dat,33,39,0,cylinder
2336p90.dat,33,39,0,cylinder
2337.dat,2,10,0,cylinder;fingers
234.dat,3,4,0,cylinder
2340.dat,4,11,0,cylinder
23405.dat,6,23,0,cylinder
2340d01.dat,0,11,0,cylinder
2340d02.dat,0,11,0,cylinder
2340d50.dat,0,11,0,cylinder
2340d51.dat,0,11,0,cylinder
2340d52.dat,0,11,0,cylinder
2340d53.dat,0,11,0,cylinder
2340p01.dat,4,11,0,cylinder
2340p90.dat,4,11,0,cylinder
2349a.dat,5,9,2,cylinder;fingers
2349b.dat,5,9,2,cylinder;fingers
2350.dat,0,22,0,cylinder
2350a.dat,6,22,0,cylinder
2350ap01.dat,6,22,0,cylinder
2350b.dat,6,21,0,cylinder
2350bp01.dat,6,21,0,cylinder
2350c.dat,6,21,0,cylinder
2350cd01.dat,0,21,0,cylinder
2352.dat,8,16,0,cylinder
2356.dat,24,48,0,cylinder
2358.dat,6,448,0,cylinder
2358p01.dat,0,448,0,cylinder
2358p02.dat,6,448,0,cylinder
2358p03.dat,6,448,0,cylinder
2358p04.dat,6,448,0,cylinder
2359.dat,22,563,0,cylinder
2359p01.dat,22,563,0,cylinder
2359p02.dat,22,563,0,cylinder
2359p03.dat,22,563,0,cylinder
2359p04.dat,22,563,0,cylinder
236.dat,0,3,0,cylinder
2360.dat,3,322,0,cylinder
2360p01.dat,3,322,0,cylinder
2360p02.dat,3,322,0,cylinder
2361.dat,0,196,0,cylinder
2361p01.dat,0,196,0,cylinder
2361p02.dat,0,196,0,cylinder
2361p03.dat,0,196,0,cylinder
2362.dat,0,7,0,cylinder
2362p53.dat,0,5,0,cylinder
2362p54.dat,0,5,0,cylinder
2366.dat,0,142,0,cylinder
2367.dat,2,80,0,cylinder
2368.dat,2,30,0,cylinder
2369.dat,0,156,0,cylinder
236b.dat,1,3,0,cylinder
2370.dat,2,130,0,cylinder
2371.dat,2,136,0,cylinder
2372c01.dat,0,210,0,cylinder
2372c01d01.dat,0,210,0,cylinder
2373.dat,4,210,0,cylinder
2374.dat,68,108,0,cylinder
2376.dat,1,6,0,cylinder
238.dat,2,4,0,cylinder
23800c01.dat,3,5,0,cylinder
23801.dat,2,4,0,cylinder
23816.dat,1,1,0,generic
2383.dat,0,4,0,cylinder
2383c01p01.dat,0,4,0,cylinder
2383c01p02.dat,0,4,0,cylinder
2383c01p03.dat,0,4,0,cylinder
2383c01p04.dat,0,4,0,cylinder
2383c01p05.dat,0,4,0,cylinder
2383c01p06.dat,0,4,0,cylinder
2383c01p07.dat,0,4,0,cylinder
2383c01p08.dat,0,4,0,cylinder
2389.dat,0,2,0,cylinder
23893.dat,5,7,0,cylinder
23930.dat,8,15,0,cylinder
23949.dat,12,18,0,cylinder
2397.dat,16,22,0,cylinder
23996.dat,34,64,0,cylinder
2399dt0.dat,6,12,0,cylinder
2401.dat,66,126,0,cylinder
2403.dat,0,3,0,cylinder
24055.dat,30,50,0,cylinder
2408.dat,29,47,0,cylinder
24082.dat,0,2,0,cylinder
2408p01.dat,29,47,0,cylinder
2408p02.dat,29,47,0,cylinder
2408p04.dat,29,47,0,cylinder
2408p05.dat,29,47,0,cylinder
2409.dat,14,18,0,cylinder
2409d01.dat,10,18,0,cylinder
2413.dat,28,52,0,cylinder
2415.dat,2,10,0,cylinder;clip
24151.dat,11,27,0,cylinder
2415c01.dat,2,10,0,cylinder;clip
2418.dat,0,6,0,fingers;cylinder
2418a.dat,1,5,0,fingers;cylinder
2418b.dat,2,6,0,fingers;cylinder
2418bp60.dat,2,6,0,fingers;cylinder
2419.dat,16,24,0,cylinder
241901.dat,12,24,0,cylinder
241921.dat,12,24,0,cylinder
24196.dat,1,5,1,cylinder
24196p01.dat,1,5,1,cylinder
242021.dat,3,8,0,cylinder
2422.dat,15,19,0,cylinder
2424.dat,10,12,1,cylinder;clip
24248.dat,18,47,0,cylinder
2425.dat,4,12,0,cylinder
2426c01.dat,0,12,0,cylinder
2426c02.dat,0,12,0,cylinder
2429.dat,4,6,0,cylinder
24299.dat,3,5,0,cylinder
2429c01.dat,0,12,0,cylinder
242c01.dat,1,2,0,cylinder
24307.dat,3,5,0,cylinder
24309dy2.dat,0,6,0,cylinder
243101.dat,0,7,0,cylinder
24314.dat,0,1,0,cylinder
24319.dat,0,5,2,cylinder
2431b.dat,0,7,0,cylinder
2431bp52.dat,0,7,0,cylinder
2431bp79.dat,0,7,0,cylinder
2431d01.dat,0,7,0,cylinder
2431d02.dat,0,7,0,cylinder
2431d50.dat,0,7,0,cylinder
2431dm0.dat,0,7,0,cylinder
2431dm1.dat,0,7,0,cylinder
2431dm2.dat,0,7,0,cylinder
2431dm3.dat,0,7,0,cylinder
2431dm4.dat,0,7,0,cylinder
2431dm5.dat,0,7,0,cylinder
2431dm6.dat,0,7,0,cylinder
2431dm7.dat,0,7,0,cylinder
2431dm8.dat,0,7,0,cylinder
2431dm9.dat,0,7,0,cylinder
2431dma.dat,0,7,0,cylinder
2431dq0.dat,0,7,0,cylinder
2431dq1.dat,0,7,0,cylinder
2431ds0.dat,0,7,0,cylinder
2431dt0.dat,0,7,0,cylinder
2431dt1.dat,0,7,0,cylinder
2431dt2.dat,0,7,0,cylinder
2431dt3.dat,0,7,0,cylinder
2431dt4.dat,0,7,0,cylinder
2431dt5.dat,0,7,0,cylinder
24323.dat,0,8,0,cylinder
24324.dat,2,6,0,cylinder;fingers
24326.dat,11,23,0,cylinder
2436.dat,2,13,0,cylinder
2436a.dat,3,13,0,cylinder
2436b.dat,3,13,0,cylinder
2437.dat,8,11,0,cylinder
2437p01.dat,4,7,0,cylinder
243c01.dat,1,2,0,cylinder
2440d01.dat,0,3,0,clip;fingers
2440p68.dat,0,3,0,clip;fingers
2441.dat,31,52,0,cylinder
2442.dat,0,7,0,cylinder
2443.dat,6,25,0,cylinder;fingers;generic
2444.dat,4,12,0,cylinder
244c01.dat,1,2,0,cylinder
244c02.dat,0,2,0,cylinder
244c03.dat,0,2,0,cylinder
2450.dat,8,12,0,cylinder
245021.dat,6,12,0,cylinder
2453.dat,1,2,0,cylinder
2453bdx0.dat,1,2,0,cylinder
2454adm0.dat,0,4,0,cylinder
2454adq0.dat,0,4,0,cylinder
2454adq1.dat,0,4,0,cylinder
2454adq2.dat,0,4,0,cylinder
2454adq3.dat,0,4,0,cylinder
2454adq4.dat,0,4,0,cylinder
2454adq5.dat,0,4,0,cylinder
2454adq6.dat,0,4,0,cylinder
2454adq7.dat,0,4,0,cylinder
2454adq8.dat,0,4,0,cylinder
2454bd04.dat,0,6,0,cylinder
2454dm0.dat,0,4,0,cylinder
2454dq0.dat,0,4,0,cylinder
2454dq1.dat,0,4,0,cylinder
2454dq2.dat,0,4,0,cylinder
2454dq3.dat,0,4,0,cylinder
2454dq4.dat,0,4,0,cylinder
2454dq5.dat,0,4,0,cylinder
2454dq6.dat,0,4,0,cylinder
2454dq7.dat,0,4,0,cylinder
2454dq8.dat,0,4,0,cylinder
2454pa0.dat,0,4,0,cylinder
2454ph0.dat,0,4,0,cylinder
2454ps5.dat,0,4,0,cylinder
2455.dat,0,7,0,cylinder
2456dq0.dat,12,24,0,cylinder
2458.dat,3,6,0,cylinder
245c01.dat,1,5,0,cylinder
245c02.dat,0,5,0,cylinder
246.dat,1,4,0,cylinder
2460.dat,6,6,0,cylinder
24607.dat,14,43,0,cylinder
2462d01.dat,3,6,0,cylinder
2465dm0.dat,0,47,0,cylinder
2466p07.dat,5,9,0,cylinder
2467.dat,7,27,0,cylinder
247.dat,1,4,0,cylinder
2476.dat,0,9,0,cylinder
2476b.dat,1,9,0,cylinder
2479.dat,1,17,0,cylinder
247b.dat,1,4,0,cylinder
248.dat,1,5,0,cylinder
2484c01.dat,0,6,0,cylinder
2485.dat,0,2,0,cylinder
24851c01.dat,0,12,0,cylinder
24852c01.dat,2,14,0,generic;cylinder
24855c01.dat,11,14,0,cylinder
249.dat,0,3,0,cylinder
2493.dat,0,16,0,cylinder;generic
2494p01.dat,0,1,0,generic
2500c01.dat,13,32,0,cylinder
25059.dat,2,6,0,cylinder
25061.dat,6,10,0,cylinder
2508.dat,5,7,0,cylinder;generic
2512.dat,12,16,0,cylinder
25126p01c01.dat,0,1,0,cylinder
25128p01c01.dat,0,1,0,cylinder
2513.dat,8,12,0,cylinder
2513d01.dat,0,12,0,cylinder
2513p02.dat,8,12,0,cylinder
2513p03.dat,8,12,0,cylinder
2513p04.dat,8,12,0,cylinder
2513p05.dat,8,12,0,cylinder
2516.dat,10,12,0,cylinder
2518c01.dat,6,7,60,cylinder;generic
25194.dat,0,1,0,cylinder
25195.dat,0,8,0,cylinder
252.dat,0,4,0,cylinder
2536c.dat,0,4,0,cylinder;generic
2536c01.dat,6,7,60,cylinder;generic
25375-f1.dat,0,2,0,cylinder
25375-f2.dat,0,2,0,cylinder
25375-f3.dat,0,2,0,cylinder
2538.dat,0,15,0,cylinder
2538b.dat,9,15,0,cylinder
2538d.dat,0,6,0,cylinder
2539.dat,29,45,0,clip;cylinder
2540.dat,6,8,0,cylinder
25452c01.dat,0,1,0,cylinder
2550c01.dat,12,18,10,cylinder
2550c02.dat,12,18,10,cylinder
2551.dat,40,76,1,cylinder
2552.dat,2,352,0,cylinder
2552p01.dat,30,352,0,cylinder
2552p02.dat,2,352,0,cylinder
2552p03.dat,2,352,0,cylinder
2552p04.dat,2,352,0,cylinder
2552p05.dat,3,352,0,cylinder
2552p06.dat,3,352,0,cylinder
25549.dat,0,48,0,cylinder
25550.dat,0,4,0,cylinder
255526.dat,2,2,0,cylinder;clip
2556.dat,10,26,0,cylinder
25560.dat,0,12,0,cylinder
25560c01.dat,0,12,0,cylinder
25561c01.dat,4,16,0,generic;cylinder
2557.dat,76,280,4,cylinder
2557c01.dat,42,58,1,cylinder
2557c02.dat,42,58,1,cylinder
2559.dat,43,407,0,cylinder
2559c01.dat,33,409,0,cylinder
2559c02.dat,33,409,0,cylinder
256.dat,0,138,0,cylinder
2560.dat,136,328,0,cylinder
2569d01.dat,2,3,0,cylinder
257.dat,8,16,0,cylinder
2571.dat,4,15,0,cylinder
2572.dat,18,35,0,cylinder
2572d01.dat,18,35,0,cylinder
2572d02.dat,18,35,0,cylinder
2574.dat,0,49,0,cylinder
2574c01.dat,0,49,0,cylinder
2575.dat,0,39,0,cylinder
2577.dat,15,24,0,cylinder
2578.dat,0,6,0,cylinder
2578a.dat,2,6,0,cylinder
2578b.dat,3,7,0,cylinder;fingers
2579.dat,1,5,0,cylinder
258.dat,0,5,0,cylinder
2580c01.dat,10,14,0,cylinder
2586d01.dat,0,1,0,cylinder
2598.dat,3,7,0,cylinder;fingers
2598ps1.dat,3,7,0,cylinder;fingers
2598ps2.dat,3,7,0,cylinder;fingers
2599.dat,1,2,0,cylinder
2599a.dat,2,4,0,cylinder
2599c01.dat,0,4,0,cylinder
26.dat,0,192,0,cylinder
26021.dat,5,21,0,cylinder
26021c01.dat,5,23,0,cylinder
26022.dat,2,6,0,cylinder
2605.dat,5,9,0,cylinder
2605c01.dat,5,10,0,cylinder
2617.dat,24,80,0,cylinder
2618.dat,37,57,0,cylinder
262.dat,0,1024,0,cylinder
2621.dat,62,122,0,cylinder
2622.dat,42,46,0,cylinder
2623.dat,37,69,0,cylinder
2623d01.dat,28,69,0,cylinder
2623d02.dat,28,69,0,cylinder
2626d01.dat,10,30,0,cylinder
2626d02.dat,10,30,0,cylinder
2627.dat,14,26,0,cylinder
26280.dat,2,4,0,cylinder
26280c01.dat,1,4,0,cylinder
26288c01-f1.dat,1,5,0,cylinder
26288c01-f2.dat,1,5,0,cylinder
262p01.dat,0,1024,0,cylinder
2634.dat,0,25,0,cylinder
2634c01.dat,10,25,0,cylinder
2634c02.dat,10,25,0,cylinder
2635.dat,50,58,8,cylinder
2638.dat,0,12,0,cylinder
2641.dat,5,18,0,cylinder
2641a.dat,9,18,0,cylinder
2641ad01.dat,5,18,0,cylinder
2641b.dat,4,13,0,cylinder
2641c.dat,4,13,0,cylinder
2642.dat,22,78,0,cylinder
265.dat,0,4,0,cylinder
2653.dat,8,11,1,cylinder
26530.dat,0,6,0,cylinder
26531.dat,0,6,0,cylinder
2654.dat,4,7,0,cylinder
26559.dat,11,15,0,cylinder
26560.dat,11,15,0,cylinder
26561.dat,9,13,0,cylinder
26597.dat,3,6,0,cylinder
26599.dat,3,15,0,cylinder
265ac01.dat,6,10,0,cylinder
265bc01.dat,7,11,0,cylinder;generic
265c01.dat,0,10,0,cylinder
266.dat,0,4,0,cylinder
26603dx0.dat,0,6,0,cylinder
26603dx1.dat,0,6,0,cylinder
2662.dat,12,16,0,cylinder
26674-f1.dat,3,5,0,cylinder
26674-f2.dat,3,5,0,cylinder
266ac01.dat,6,10,0,cylinder
266bc01.dat,7,11,0,cylinder;generic
266bc02.dat,7,11,0,cylinder;generic
266c01.dat,0,10,0,cylinder
2680b.dat,16,24,0,cylinder
26832.dat,0,8,0,cylinder
26835.dat,0,24,0,cylinder
2686c01.dat,0,2,0,cylinder
2687.dat,2,82,0,cylinder;fingers
26910.dat,0,182,0,cylinder;generic
26912.dat,0,16,0,cylinder
26912c01.dat,0,17,0,cylinder;generic
26913.dat,2,69,0,cylinder
26913c01.dat,2,70,0,cylinder;generic
2694.dat,18,51,0,cylinder
2694p01.dat,4,37,0,cylinder
2694p02.dat,4,37,0,cylinder
2698c01.dat,32,57,2,generic;cylinder;fingers;clip
2699c01.dat,4,9,0,generic;cylinder
27.dat,2,6,0,cylinder
270.dat,0,94,0,cylinder
27059.dat,0,1,0,cylinder
270c01.dat,0,98,0,cylinder
270c02.dat,2,100,2,cylinder
271.dat,9,13,0,cylinder;clip
27165.dat,1,5,0,cylinder
27167.dat,1,9,0,cylinder
27168.dat,3,23,2,clip;generic;cylinder
27191.dat,8,96,0,cylinder
27191c01.dat,80,178,0,cylinder;generic
2723d01.dat,0,1,0,cylinder
2723d02.dat,0,1,0,cylinder
27255.dat,16,28,0,cylinder
27259.dat,5,7,0,cylinder
27261.dat,6,8,0,cylinder
27266.dat,6,10,0,cylinder
2726c01.dat,0,8,0,cylinder
2726c02.dat,0,8,0,cylinder
2726c03.dat,0,4,0,cylinder
2727ac01.dat,0,4,0,cylinder
2727bc01.dat,0,4,0,cylinder
2739.dat,1,3,0,generic;cylinder
27395.dat,0,16,0,cylinder
2739b.dat,1,3,0,generic;cylinder
274.dat,4,9,0,cylinder
2742c01.dat,9,17,0,cylinder
2748.dat,0,512,0,cylinder
275.dat,0,4,0,cylinder
276.dat,0,8,0,cylinder
2761c01.dat,4,12,0,cylinder
276c01.dat,0,8,0,cylinder
2772-f1.dat,48,62,0,cylinder
2772-f2.dat,48,62,0,cylinder
2772-f3.dat,48,62,0,cylinder
2772c01.dat,0,62,0,cylinder
2772c02.dat,0,62,0,cylinder
2772c03.dat,0,62,0,cylinder
2774c01.dat,0,82,0,cylinder
2775c01.dat,0,2,0,cylinder
2775c02.dat,0,2,0,cylinder
2775c03.dat,0,6,0,cylinder
278.dat,0,5,0,cylinder
27934.dat,1,3,0,cylinder
2793c01-f1.dat,0,4,0,cylinder
2793c01-f2.dat,0,4,0,cylinder
2793c01.dat,0,4,0,cylinder
2793c02.dat,0,4,0,cylinder
2797c01-f1.dat,0,7,0,cylinder
2797c01-f2.dat,0,7,0,cylinder
2797c01.dat,0,7,0,cylinder
2797c02.dat,0,7,0,cylinder
27ac01.dat,2,4,0,cylinder
27bc01.dat,2,6,0,cylinder
27cc01.dat,2,6,0,cylinder
28.dat,2,4,0,cylinder
280.dat,46,118,0,cylinder
280c01.dat,2,124,0,cylinder;generic
2817.dat,1,9,0,cylinder
2821.dat,0,6,0,cylinder
28324.dat,30,70,0,cylinder
28326.dat,6,10,0,cylinder
2837a.dat,0,49,0,cylinder
2837b.dat,0,20,0,cylinder
2838.dat,20,28,0,cylinder
2838c01.dat,21,49,0,cylinder
2839.dat,0,20,0,cylinder
2841.dat,16,120,0,cylinder
2842.dat,0,24,0,cylinder
2842c01.dat,0,160,1,cylinder
2842c02.dat,0,144,1,cylinder
2847c01.dat,56,98,0,cylinder
2849.dat,0,4,0,cylinder
285.dat,8,82,0,cylinder
28535.dat,0,102,0,cylinder
285c01.dat,2,88,0,cylinder;generic
28618.dat,1,2,0,cylinder
2865.dat,82,106,0,cylinder;generic
28653.dat,0,5,0,cylinder
28660.dat,0,1,0,cylinder
2867.dat,18,26,80,cylinder
28670.dat,9,13,0,cylinder
2868.dat,0,24,0,cylinder
28686.dat,0,4,0,cylinder
2869.dat,0,40,0,cylinder
28696.dat,0,1,0,cylinder
2869c01.dat,0,32,1,cylinder
2872.dat,2,4,0,cylinder
28738.dat,32,62,0,cylinder;generic
28739.dat,0,42,0,cylinder
28779.dat,6,9,0,cylinder
2878.dat,8,24,2,cylinder
28802.dat,3,13,0,cylinder
28809.dat,1,6,0,cylinder
289.dat,1,2,0,cylinder
28925.dat,0,102,0,cylinder
28925c01.dat,0,102,0,cylinder
28925c02.dat,0,102,0,cylinder
28925c03.dat,0,102,0,cylinder
28925c04.dat,0,102,0,cylinder
28925c05.dat,0,102,0,cylinder
2894c01.dat,1,17,0,cylinder
28964.dat,0,24,0,cylinder
28978.dat,6,9,0,cylinder
29.dat,1,3,0,cylinder
29034.dat,0,8,0,cylinder
2903c01.dat,0,1,0,cylinder
2904.dat,10,18,0,cylinder
29084.dat,0,4,0,cylinder
29096.dat,21,37,0,cylinder
29096ps0.dat,21,37,0,cylinder
2909c01.dat,0,5,0,cylinder
291.dat,0,5,0,cylinder
29110.dat,12,26,0,cylinder
29115.dat,41,61,0,cylinder
2912.dat,0,8,0,cylinder
29124.dat,21,29,0,cylinder
29125.dat,14,38,0,cylinder
29125c01.dat,25,67,0,cylinder
2913c01.dat,8,16,0,cylinder
2916.dat,4,20,0,cylinder
29161.dat,0,1,0,cylinder
2916d01.dat,4,20,0,cylinder
2916d02.dat,4,20,0,cylinder
29211.dat,0,1,0,cylinder
292126.dat,2,4,0,cylinder
2924a.dat,8,11,0,cylinder
2924ad01.dat,0,11,0,cylinder
2924b.dat,8,11,0,cylinder
2924bd01.dat,0,11,0,cylinder
2926.dat,17,17,0,cylinder
2928.dat,12,20,0,cylinder
2928c01.dat,6,20,0,cylinder
2928c02.dat,6,20,0,cylinder
293.dat,0,256,0,cylinder
29304.dat,4,44,0,cylinder
294.dat,4,11,0,cylinder
2947.dat,2,4,0,cylinder
2947bc01.dat,2,4,0,cylinder
2958.dat,0,1,0,cylinder
2958c01.dat,0,1,0,cylinder
2959c01.dat,0,1,0,fingers
296.dat,0,3,0,cylinder
2972.dat,232,416,0,cylinder
2973.dat,0,16,0,cylinder
2973c01.dat,8,24,0,cylinder
2976.dat,0,16,0,cylinder
2976c01.dat,8,24,0,cylinder
2977c01.dat,8,25,0,cylinder
2979.dat,0,12,0,cylinder
2980c01.dat,4,16,0,cylinder
2981.dat,0,16,0,cylinder
2982c01.dat,8,24,0,cylinder
2984.dat,0,8,0,cylinder
2985c01.dat,9,19,0,cylinder
2986.dat,4,6,0,cylinder
2986c01.dat,4,6,0,cylinder
299.dat,2,3,0,cylinder
2996c01.dat,0,7,0,cylinder
29ac01.dat,1,2,0,cylinder
29bc01.dat,1,3,0,cylinder
29c01.dat,0,3,0,cylinder
29cc01.dat,1,3,0,cylinder
300.dat,1,2,0,cylinder
30002.dat,2,3,0,cylinder
30007.dat,4,15,0,cylinder
30008.dat,1,2,0,cylinder
30009.dat,0,7,0,cylinder
30010.dat,0,3,0,cylinder
30018.dat,112,116,0,cylinder
3001b.dat,9,17,0,cylinder
3001d01.dat,0,16,0,cylinder
3001d02.dat,0,16,0,cylinder
3001d03.dat,0,16,0,cylinder
3001d04.dat,0,16,0,cylinder
30027.dat,2,3,0,cylinder;generic
30027ac01.dat,2,3,0,cylinder;generic
30027bc01.dat,0,1,0,cylinder
30029.dat,46,62,0,cylinder
3002d01.dat,0,12,0,cylinder
3002d02.dat,0,12,0,cylinder
3002dm0.dat,0,12,0,cylinder
3002dm1.dat,0,12,0,cylinder
3002dm2.dat,0,12,0,cylinder
3002peye.dat,5,9,0,cylinder
3003.dat,5,9,0,cylinder
30030.dat,17,302,0,cylinder
300301.dat,5,9,0,cylinder
30030p01.dat,17,302,0,cylinder
300321.dat,5,9,0,cylinder
30036.dat,29,55,0,cylinder
30037.dat,40,74,0,cylinder
30039.dat,1,1,0,cylinder
3003941.dat,1,1,0,cylinder
3003d02.dat,5,9,0,cylinder
3003p01.dat,5,9,0,cylinder
3003p02.dat,5,9,0,cylinder
3003p03.dat,5,9,0,cylinder
3003p04.dat,5,9,0,cylinder
3003p05.dat,5,9,0,cylinder
3003p06.dat,5,9,0,cylinder
3003p07.dat,5,9,0,cylinder
3003p08.dat,5,9,0,cylinder
3003p09.dat,5,9,0,cylinder
3003p0a.dat,5,9,0,cylinder
3003p0b.dat,5,9,0,cylinder
3003p10.dat,5,9,0,cylinder
3003p11.dat,5,9,0,cylinder
3003p12.dat,5,9,0,cylinder
3003p13.dat,5,9,0,cylinder
3003p14.dat,5,9,0,cylinder
3003p15.dat,5,9,0,cylinder
3003p16.dat,5,9,0,cylinder
3003p17.dat,5,9,0,cylinder
3003p18.dat,5,9,0,cylinder
3003p19.dat,5,9,0,cylinder
3003p20.dat,5,9,0,cylinder
3003p21.dat,5,9,0,cylinder
3003p22.dat,5,9,0,cylinder
3003p23.dat,5,9,0,cylinder
3003p24.dat,5,9,0,cylinder
3003p25.dat,5,9,0,cylinder
3003p26.dat,5,9,0,cylinder
3003p27.dat,5,9,0,cylinder
3003p28.dat,5,9,0,cylinder
3003p29.dat,5,9,0,cylinder
3003p30.dat,5,9,0,cylinder
3003p31.dat,5,9,0,cylinder
3003pd0.dat,4,8,0,cylinder
3003pe0.dat,5,9,0,cylinder
3003pe1.dat,5,9,0,cylinder
3003pe2.dat,5,9,0,cylinder
3003pe3.dat,4,8,0,cylinder
3003pe4.dat,5,9,0,cylinder
3003pe5.dat,5,9,0,cylinder
3003pe6.dat,5,9,0,cylinder
3003pe7.dat,5,9,0,cylinder
3003pt1.dat,5,9,0,cylinder
3003pt2.dat,5,9,0,cylinder
3003px0.dat,5,9,0,cylinder
3003px1.dat,5,9,0,cylinder
3003px2.dat,4,8,0,cylinder
300401.dat,2,5,0,cylinder
30041.dat,26,74,0,cylinder;clip
30042.dat,22,42,0,cylinder
300421.dat,2,5,0,cylinder
30043.dat,5,12,0,cylinder
3004d01.dat,2,5,0,cylinder
3004d04.dat,2,5,0,cylinder
3004d05.dat,2,5,0,cylinder
3004d07.dat,2,5,0,cylinder
3004d08.dat,2,5,0,cylinder
3004d09.dat,2,5,0,cylinder
3004d0a.dat,2,5,0,cylinder
3004d0c.dat,2,5,0,cylinder
3004d0d.dat,2,5,0,cylinder
3004d0e.dat,2,5,0,cylinder
3004d0f.dat,2,5,0,cylinder
3004d0h.dat,2,5,0,cylinder
3004d0i.dat,2,5,0,cylinder
3004p02.dat,0,5,0,cylinder
3004p04.dat,0,5,0,cylinder
3004p60.dat,0,5,0,cylinder
3004ptc1.dat,0,5,0,cylinder
3005-0.dat,0,2,0,cylinder
3005-1.dat,0,2,0,cylinder
3005-1b.dat,0,2,0,cylinder
3005-2.dat,0,2,0,cylinder
3005-3.dat,0,2,0,cylinder
3005-4.dat,0,2,0,cylinder
3005-5.dat,0,2,0,cylinder
3005-6b.dat,0,2,0,cylinder
3005-7.dat,0,2,0,cylinder
3005-a.dat,0,2,0,cylinder
3005-ae.dat,0,2,0,cylinder
3005-b.dat,0,2,0,cylinder
3005-c.dat,0,2,0,cylinder
3005-d.dat,0,2,0,cylinder
3005-e.dat,0,2,0,cylinder
3005-f.dat,0,2,0,cylinder
3005-g.dat,0,2,0,cylinder
3005-h.dat,0,2,0,cylinder
3005-i.dat,0,2,0,cylinder
3005-j.dat,0,2,0,cylinder
3005-k.dat,0,2,0,cylinder
3005-l.dat,0,2,0,cylinder
3005-m.dat,0,2,0,cylinder
3005-n.dat,0,2,0,cylinder
3005-o.dat,0,2,0,cylinder
3005-p.dat,0,2,0,cylinder
3005-q.dat,0,2,0,cylinder
3005-r.dat,0,2,0,cylinder
3005-s.dat,0,2,0,cylinder
3005-t.dat,0,2,0,cylinder
3005-u.dat,0,2,0,cylinder
3005-v.dat,0,2,0,cylinder
3005-w.dat,0,2,0,cylinder
3005-x.dat,0,2,0,cylinder
3005-y.dat,0,2,0,cylinder
3005-z.dat,0,2,0,cylinder
300521.dat,0,2,0,cylinder
3005741.dat,0,3,0,cylinder
3005744.dat,0,3,0,cylinder
30058.dat,0,1,0,fingers
30059.dat,0,1,0,fingers
3005bpf1.dat,0,2,0,cylinder
3005d01.dat,0,2,0,cylinder
3005d02.dat,0,2,0,cylinder
30060.dat,0,13,0,fingers;cylinder
30063.dat,0,3,0,cylinder
30065.dat,0,2,0,cylinder
30068.dat,2,4,0,cylinder
30069.dat,2,4,0,cylinder
3007.dat,16,32,0,cylinder
30070.dat,0,2,0,cylinder
30071.dat,0,2,0,cylinder
30072.dat,288,576,0,cylinder
30076.dat,44,84,0,cylinder
30078.dat,0,4,0,cylinder
3007p01.dat,16,32,0,cylinder
3008.dat,8,23,0,cylinder
30080.dat,0,15,0,cylinder
30086.dat,18,30,0,cylinder
3008d01.dat,0,23,0,cylinder
3008d02.dat,0,23,0,cylinder
3008p01.dat,8,23,0,cylinder
3008p02.dat,8,23,0,cylinder
3008p03.dat,8,23,0,cylinder
3008p04.dat,8,23,0,cylinder
3008p05.dat,8,23,0,cylinder
3008p06.dat,8,23,0,cylinder
3008p07.dat,8,23,0,cylinder
3008p08.dat,8,23,0,cylinder
3008p09.dat,8,23,0,cylinder
3008p0a.dat,8,23,0,cylinder
3008p0b.dat,8,23,0,cylinder
3008p0c.dat,8,23,0,cylinder
3008p0d.dat,8,23,0,cylinder
3008p0e.dat,8,23,0,cylinder
3008p0f.dat,8,23,0,cylinder
3008p0n.dat,8,23,0,cylinder
3008p10.dat,8,23,0,cylinder
3008p21.dat,8,23,0,cylinder
3008p22.dat,8,23,0,cylinder
3008p23.dat,8,23,0,cylinder
3008p24.dat,8,23,0,cylinder
3008p25.dat,8,23,0,cylinder
3008ph0.dat,8,23,0,cylinder
3008pt1.dat,8,23,0,cylinder
30094.dat,14,18,0,cylinder
30097.dat,0,47,0,cylinder
3009d01.dat,0,17,0,cylinder
3009d02.dat,0,17,0,cylinder
3009d03.dat,0,17,0,cylinder
3009d04.dat,0,17,0,cylinder
3009d05.dat,0,17,0,cylinder
3009d06.dat,0,17,0,cylinder
3009d07.dat,0,17,0,cylinder
3009d08.dat,0,17,0,cylinder
3009d09.dat,0,17,0,cylinder
3009d0a.dat,0,17,0,cylinder
3009d0b.dat,0,17,0,cylinder
3009p18b.dat,0,17,0,cylinder
3010.dat,4,11,0,cylinder
30100.dat,21,36,0,cylinder
30102.dat,0,8,0,cylinder
301021.dat,0,11,0,cylinder
30102p01.dat,0,8,0,cylinder
30104.dat,2,4,0,cylinder
3010d01.dat,0,11,0,cylinder
3010d02.dat,0,11,0,cylinder
3010d03.dat,0,11,0,cylinder
3010d04.dat,0,11,0,cylinder
3010d05.dat,0,11,0,cylinder
3010d06.dat,0,11,0,cylinder
3010d07.dat,0,11,0,cylinder
3010d08.dat,0,11,0,cylinder
3010d09.dat,0,11,0,cylinder
3010d0e.dat,0,11,0,cylinder
3010d0f.dat,0,11,0,cylinder
3010d0g.dat,0,11,0,cylinder
3010dm0.dat,0,11,0,cylinder
3010dm1.dat,0,11,0,cylinder
3010p01.dat,4,11,0,cylinder
3010p03.dat,4,11,0,cylinder
3010p04.dat,4,11,0,cylinder
3010p05.dat,4,11,0,cylinder
3010p06.dat,4,11,0,cylinder
3010p07.dat,4,11,0,cylinder
3010p08.dat,4,11,0,cylinder
3010p09.dat,4,11,0,cylinder
3010p0a.dat,4,11,0,cylinder
3010p0b.dat,4,11,0,cylinder
3010p0c.dat,4,11,0,cylinder
3010p0d.dat,4,11,0,cylinder
3010p0dd01.dat,0,11,0,cylinder
3010p0e.dat,4,11,0,cylinder
3010p0f.dat,4,11,0,cylinder
3010p0g.dat,4,11,0,cylinder
3010p0h.dat,4,11,0,cylinder
3010p10.dat,4,11,0,cylinder
3010p11.dat,4,11,0,cylinder
3010p12.dat,4,11,0,cylinder
3010p13.dat,4,11,0,cylinder
3010p14.dat,4,11,0,cylinder
3010p15.dat,4,11,0,cylinder
3010p16.dat,4,11,0,cylinder
3010p17.dat,4,11,0,cylinder
3010p18.dat,4,11,0,cylinder
3010p20.dat,4,11,0,cylinder
3010p20b.dat,0,11,0,cylinder
3010p20c.dat,0,11,0,cylinder
3010p20w.dat,0,11,0,cylinder
3010p21.dat,4,11,0,cylinder
3010p22.dat,4,11,0,cylinder
3010p23.dat,4,11,0,cylinder
3010p24.dat,4,11,0,cylinder
3010p25.dat,4,11,0,cylinder
3010p26.dat,4,11,0,cylinder
3010p27.dat,4,11,0,cylinder
3010p30.dat,4,11,0,cylinder
3010p31.dat,4,11,0,cylinder
3010p40.dat,4,11,0,cylinder
3010p41.dat,4,11,0,cylinder
3010p42.dat,4,11,0,cylinder
3010p70.dat,4,11,0,cylinder
3010p71.dat,4,11,0,cylinder
3010p72.dat,4,11,0,cylinder
3010p73.dat,4,11,0,cylinder
3010p74.dat,4,11,0,cylinder
3010p75.dat,4,11,0,cylinder
3010p918.dat,4,11,0,cylinder
3010p924.dat,4,11,0,cylinder
3010p928.dat,4,11,0,cylinder
3010pb1.dat,4,11,0,cylinder
3010pt0.dat,4,11,0,cylinder
3010pt1.dat,4,11,0,cylinder
3010pt2.dat,4,11,0,cylinder
3010pt3.dat,4,11,0,cylinder
3010pt4.dat,4,11,0,cylinder
3010pt5.dat,4,11,0,cylinder
3010pt6.dat,4,11,0,cylinder
3010pt7.dat,4,11,0,cylinder
3010pt8.dat,4,11,0,cylinder
3010py0.dat,4,11,0,cylinder
3010py1.dat,4,11,0,cylinder
3010py2.dat,4,11,0,cylinder
3010py3.dat,4,11,0,cylinder
3010py4.dat,4,11,0,cylinder
3010py5.dat,4,11,0,cylinder
3010py6.dat,4,11,0,cylinder
3010py7.dat,4,11,0,cylinder
3010py8.dat,4,11,0,cylinder
3010py9.dat,4,11,0,cylinder
3010pya.dat,4,11,0,cylinder
3010pyb.dat,4,11,0,cylinder
3010pyc.dat,4,11,0,cylinder
3010pyd.dat,4,11,0,cylinder
3010pz0.dat,4,11,0,cylinder
3010pz1.dat,4,11,0,cylinder
3010pz2.dat,4,11,0,cylinder
3010pz3.dat,4,11,0,cylinder
3010pz4.dat,4,11,0,cylinder
3010pz5.dat,4,11,0,cylinder
3010pz6.dat,4,11,0,cylinder
3010pz7.dat,4,11,0,cylinder
3010pz8.dat,4,11,0,cylinder
3010pz9.dat,4,11,0,cylinder
3010pza.dat,4,11,0,cylinder
3010pzb.dat,4,11,0,cylinder
3010pzc.dat,4,11,0,cylinder
3010pzd.dat,4,11,0,cylinder
3010pze.dat,4,11,0,cylinder
3010pzf.dat,4,11,0,cylinder
3010pzg.dat,4,11,0,cylinder
3010pzh.dat,4,11,0,cylinder
3010pzi.dat,4,11,0,cylinder
3010pzj.dat,4,11,0,cylinder
3010pzk.dat,4,11,0,cylinder
3010pzl.dat,4,11,0,cylinder
3010pzm.dat,4,11,0,cylinder
3010pzn.dat,4,11,0,cylinder
3010pzo.dat,4,11,0,cylinder
3010pzp.dat,4,11,0,cylinder
3010pzq.dat,4,11,0,cylinder
3010pzr.dat,4,11,0,cylinder
3010pzs.dat,4,11,0,cylinder
3010pzt.dat,4,11,0,cylinder
3010pzu.dat,4,11,0,cylinder
3010pzv.dat,4,11,0,cylinder
3010pzw.dat,4,11,0,cylinder
3010pzx.dat,4,11,0,cylinder
3010pzy.dat,4,11,0,cylinder
3010pzz.dat,4,11,0,cylinder
3011.dat,8,24,0,cylinder
30116.dat,60,64,0,cylinder
30116p6u.dat,60,64,0,cylinder
30116p6v.dat,60,64,0,cylinder
30116ps0.dat,60,64,0,cylinder
3011pt1.dat,8,24,0,cylinder
3011pt2.dat,8,24,0,cylinder
3011pt3.dat,8,24,0,cylinder
3011pt4.dat,8,24,0,cylinder
3011pt5.dat,8,24,0,cylinder
3011pt6.dat,8,24,0,cylinder
3011pt7.dat,8,24,0,cylinder
3011pt8.dat,8,24,0,cylinder
30124.dat,0,2,0,cylinder;fingers
30140.dat,10,18,4,cylinder
30144.dat,8,16,0,cylinder
30145.dat,5,9,0,cylinder
30145p01.dat,5,9,0,cylinder
30145p02.dat,5,9,0,cylinder
30151.dat,0,5,0,cylinder
30156.dat,12,34,0,cylinder
30156p01.dat,12,34,0,cylinder
30157.dat,5,15,0,cylinder
30157a.dat,7,15,0,cylinder
30157b.dat,2,10,0,cylinder
30159.dat,1,5,0,cylinder;fingers
30163.dat,21,29,0,cylinder;generic
30175c01.dat,1,2,2,cylinder
30176.dat,2,4,0,cylinder
30179.dat,16,19,0,cylinder;fingers;generic
30180.dat,16,28,0,cylinder
30180p01.dat,16,28,0,cylinder
30180p02.dat,16,28,0,cylinder
30184.dat,132,232,2,cylinder
30185c01.dat,6,21,1,cylinder
30185c02.dat,6,21,1,cylinder
30185c03.dat,6,21,1,cylinder
30185c04.dat,6,21,1,cylinder
30185c05.dat,6,21,1,cylinder
30187c01.dat,0,20,1,cylinder;generic
30187c02.dat,1,13,15,cylinder;fingers
30187c04.dat,0,16,0,cylinder
30187c05.dat,0,16,0,cylinder
30187c06.dat,0,16,0,cylinder
30189c01.dat,0,2,0,cylinder
30195.dat,24,40,0,cylinder
302.dat,2,18,0,cylinder
30200.dat,23,37,0,cylinder;fingers
302021.dat,8,16,0,cylinder
302026.dat,8,16,0,cylinder
302101.dat,6,12,0,cylinder
30215.dat,4,610,0,cylinder
30216.dat,158,316,0,cylinder
30218-f1.dat,2,3,0,cylinder
30218-f2.dat,1,2,0,cylinder
302226.dat,5,9,0,cylinder
30223.dat,0,24,0,cylinder
30225.dat,0,128,0,cylinder
30225b.dat,6,512,0,cylinder
30225bp1.dat,6,512,0,cylinder
30225p01.dat,0,128,0,cylinder
30225p02.dat,0,128,0,cylinder
30226.dat,4,9,0,cylinder
3023.dat,0,5,0,cylinder
302323.dat,0,5,0,cylinder
30234.dat,5,9,0,cylinder
30235.dat,44,72,4,cylinder
30236.dat,5,8,0,cylinder
30237.dat,3,6,0,cylinder;clip
3023a.dat,0,2,0,cylinder
3023b.dat,3,5,0,cylinder
3023bp00.dat,3,5,0,cylinder
3023bpb0.dat,3,5,0,cylinder
3023pb0.dat,0,5,0,cylinder
30242.dat,28,28,0,cylinder
302421.dat,1,2,0,cylinder
30250.dat,26,50,0,cylinder
30250p01.dat,20,44,0,cylinder
30255.dat,55,196,0,cylinder
30258d01.dat,0,1,0,clip
30258d02.dat,0,1,0,clip
30259ad01.dat,0,1,0,clip
30259ad02.dat,0,1,0,clip
30259d01.dat,0,1,0,clip
30261d01.dat,0,1,0,clip
30262.dat,68,112,4,cylinder
30263.dat,74,82,0,cylinder;fingers
30271.dat,20,812,0,cylinder
30277.dat,16,28,4,cylinder
30278.dat,46,94,0,cylinder
30278c01.dat,48,122,0,cylinder
30283.dat,24,40,8,cylinder
30286.dat,0,4,0,cylinder
30293.dat,0,4,0,cylinder
30294.dat,0,1,0,cylinder
30294c01.dat,0,5,0,cylinder
30295.dat,180,352,0,cylinder
30296.dat,34,58,0,cylinder
30296p01.dat,34,58,0,cylinder
30298.dat,0,8,0,cylinder
30299.dat,58,124,0,cylinder
30300.dat,60,76,0,cylinder
30303.dat,20,36,0,cylinder
30303pa0.dat,0,16,0,cylinder
30320.dat,0,31,0,cylinder
303223.dat,24,48,0,cylinder
303226.dat,24,48,0,cylinder
30343.dat,12,20,0,cylinder
30343c01.dat,12,20,0,cylinder
30343c02.dat,12,20,0,cylinder
30344.dat,0,8,0,cylinder
30346c01.dat,0,15,0,cylinder
30348.dat,0,14,0,cylinder
30350.dat,0,8,0,cylinder;clip
30350ad01.dat,0,8,0,cylinder;clip
30350d01.dat,0,8,0,cylinder;clip
30350p01.dat,0,8,0,cylinder;clip
30355.dat,60,110,0,cylinder
30356.dat,60,110,0,cylinder
30359.dat,6,9,0,cylinder
30361.dat,0,6,0,cylinder
30361ps1.dat,0,6,0,cylinder
30361ps2.dat,0,6,0,cylinder
30361ps4.dat,0,6,0,cylinder
30366.dat,22,30,0,cylinder
30366ps0.dat,22,30,0,cylinder
30366ps1.dat,22,30,0,cylinder
30366ps2.dat,22,30,0,cylinder
30367.dat,0,6,0,cylinder
30375cs0.dat,7,14,0,cylinder;clip
30375cs1.dat,7,14,0,cylinder;clip
30375cs2.dat,7,14,0,cylinder;clip
30375cs3.dat,7,14,0,cylinder;clip
3037d01.dat,0,12,0,cylinder
3037d50.dat,0,12,0,cylinder
3037d51.dat,0,12,0,cylinder
3037d52.dat,0,12,0,cylinder
3037d53.dat,0,12,0,cylinder
3037dq0.dat,0,12,0,cylinder
3037dy0.dat,0,12,0,cylinder
30382.dat,25,31,0,cylinder
30389a.dat,4,8,1,cylinder
30389b.dat,6,10,1,cylinder
30389c.dat,5,9,1,cylinder
3038d01.dat,6,9,0,cylinder
3039.dat,4,6,0,cylinder
30390.dat,11,15,4,cylinder
303923.dat,0,6,0,cylinder
303926.dat,0,6,0,cylinder
30399.dat,32,64,0,cylinder
3039d01.dat,0,6,0,cylinder
3039d02.dat,0,6,0,cylinder
3039dy0.dat,0,6,0,cylinder
3039p01.dat,4,6,0,cylinder
3039p02.dat,4,6,0,cylinder
3039p03.dat,4,6,0,cylinder
3039p04.dat,4,6,0,cylinder
3039p05.dat,4,6,0,cylinder
3039p06.dat,4,6,0,cylinder
3039p07.dat,4,6,0,cylinder
3039p08.dat,4,6,0,cylinder
3039p09.dat,4,6,0,cylinder
3039p0a.dat,4,6,0,cylinder
3039p0u.dat,4,6,0,cylinder
3039p10.dat,4,6,0,cylinder
3039p101.dat,0,6,0,cylinder
3039p11.dat,4,6,0,cylinder
3039p12.dat,4,6,0,cylinder
3039p13.dat,4,6,0,cylinder
3039p14.dat,4,6,0,cylinder
3039p15.dat,4,6,0,cylinder
3039p16.dat,4,6,0,cylinder
3039p23.dat,4,6,0,cylinder
3039p32.dat,4,6,0,cylinder
3039p33.dat,4,6,0,cylinder
3039p34.dat,4,6,0,cylinder
3039p50.dat,4,6,0,cylinder
3039p58.dat,4,6,0,cylinder
3039p67.dat,4,6,0,cylinder
3039p68.dat,4,6,0,cylinder
3039p70.dat,4,6,0,cylinder
3039p71.dat,4,6,0,cylinder
3039p72.dat,4,6,0,cylinder
3039p73.dat,4,6,0,cylinder
3039p74.dat,4,6,0,cylinder
3039p75.dat,4,6,0,cylinder
3039p76.dat,4,6,0,cylinder
3039pa0.dat,4,6,0,cylinder
3039pc0.dat,4,6,0,cylinder
3039pc1.dat,4,6,0,cylinder
3039pc2.dat,4,6,0,cylinder
3039pc3.dat,4,6,0,cylinder
3039pc4.dat,4,6,0,cylinder
3039pc5.dat,4,6,0,cylinder
3039pc6.dat,4,6,0,cylinder
3039pc7.dat,4,6,0,cylinder
3039pc8.dat,4,6,0,cylinder
3039pc9.dat,4,6,0,cylinder
3039pca.dat,4,6,0,cylinder
3039pcb.dat,4,6,0,cylinder
3039pcc.dat,4,6,0,cylinder
3039pcd.dat,4,6,0,cylinder
3039pce.dat,4,6,0,cylinder
3039pcf.dat,4,6,0,cylinder
3039pcg.dat,4,6,0,cylinder
3039pch.dat,4,6,0,cylinder
3039pci.dat,4,6,0,cylinder
3039pcj.dat,4,6,0,cylinder
3039pck.dat,4,6,0,cylinder
3039pcl.dat,4,6,0,cylinder
3039pcm.dat,4,6,0,cylinder
3039pcn.dat,4,6,0,cylinder
3039pco.dat,4,6,0,cylinder
3039pd0.dat,4,6,0,cylinder
3039ph1.dat,4,6,0,cylinder
3039ph2.dat,4,6,0,cylinder
3039ps1.dat,4,6,0,cylinder
3039ps2.dat,4,6,0,cylinder
3039ps3.dat,4,6,0,cylinder
3039ps4.dat,4,6,0,cylinder
3039ps5.dat,4,6,0,cylinder
3039pt1.dat,4,6,0,cylinder
3039pt2.dat,4,6,0,cylinder
3039pt3.dat,4,6,0,cylinder
3039pt4.dat,4,6,0,cylinder
3039pz1.dat,4,6,0,cylinder
303c01.dat,0,116,0,cylinder;generic
3040.dat,0,3,0,cylinder
30400.dat,72,144,0,cylinder
30401p01.dat,64,80,0,cylinder
30407.dat,6,15,1,cylinder
3040bdy0.dat,0,3,0,cylinder
3040bdy1.dat,0,3,0,cylinder
3044.dat,0,2,0,cylinder
30457.dat,0,8,0,cylinder
3045dx0.dat,4,5,0,cylinder
3045dx1.dat,4,5,0,cylinder
30460c01.dat,0,1,0,cylinder
30461.dat,0,4,0,cylinder
30461c01.dat,0,4,0,cylinder
30461c02.dat,0,4,0,cylinder
30463.dat,0,4,0,cylinder
30473.dat,58,808,0,cylinder
3048.dat,2,4,0,cylinder
304826.dat,0,4,0,cylinder
30485.dat,2,10,0,cylinder
30485p60.dat,2,10,0,cylinder
30485ps0.dat,2,10,0,cylinder
30489.dat,41,71,4,cylinder
30499.dat,0,8,0,cylinder
304c01.dat,0,4,0,cylinder
304c02.dat,0,4,0,cylinder
304c03.dat,0,34,0,cylinder
304c04.dat,0,34,0,cylinder
304c05.dat,0,4,0,cylinder
304c06.dat,0,4,0,cylinder
304c07.dat,0,34,0,cylinder
304c08.dat,0,34,0,cylinder
305.dat,0,2,0,clip
30503.dat,11,20,0,cylinder
30504.dat,45,72,0,cylinder
30516c01.dat,0,20,0,cylinder
30516c02.dat,0,20,0,cylinder
30520.dat,20,36,0,cylinder
30526.dat,4,7,0,cylinder
30527c01.dat,2,3,0,cylinder
30527c02.dat,2,3,0,cylinder
30527c03.dat,2,3,0,cylinder
30528.dat,16,35,0,cylinder
30529c01.dat,7,13,0,cylinder;clip
30535.dat,11,27,0,cylinder
30540.dat,2,5,1,cylinder
30541.dat,2,5,1,cylinder
30562d01.dat,0,13,0,cylinder
30565.dat,13,22,0,cylinder
3058.dat,60,138,0,cylinder
3058a.dat,102,138,0,cylinder
306.dat,2,3,0,cylinder
30619.dat,37,73,1,cylinder
3062-old.dat,2,3,0,cylinder
3062.dat,2,4,0,cylinder
30620.dat,4,116,0,cylinder
30621.dat,55,71,0,cylinder
3063.dat,2,4,0,cylinder
30640c01.dat,6,7,0,cylinder
30640c02.dat,6,7,0,cylinder
30642.dat,68,180,0,cylinder
30643.dat,20,68,0,cylinder
30644.dat,2,24,0,cylinder
30645.dat,92,204,0,cylinder
3065.dat,2,4,0,cylinder
30657.dat,1,2,0,cylinder
30658.dat,2,14,0,cylinder
3066.dat,8,12,0,cylinder
3066p01.dat,4,8,0,cylinder
3067.dat,0,12,0,cylinder
3067p02.dat,0,12,0,cylinder
3067p03.dat,0,12,0,cylinder
3067p10.dat,0,12,0,cylinder
3067p11.dat,0,12,0,cylinder
3067p12.dat,0,12,0,cylinder
3067p13.dat,0,12,0,cylinder
3067p14.dat,0,12,0,cylinder
3067pt1.dat,0,12,0,cylinder
3067pt2.dat,0,12,0,cylinder
3067pt3.dat,0,12,0,cylinder
3068.dat,0,5,0,cylinder
3068bd01.dat,0,5,0,cylinder
3068bd02.dat,0,5,0,cylinder
3068bd03.dat,0,5,0,cylinder
3068bd05.dat,0,5,0,cylinder
3068bdm0.dat,0,5,0,cylinder
3068bdm1.dat,0,5,0,cylinder
3068bdx0.dat,0,5,0,cylinder
3068bp14.dat,0,5,0,cylinder
3068bp50.dat,0,5,0,cylinder
3068bpd13.dat,0,5,0,cylinder
3068p07.dat,0,5,0,cylinder
3068p08.dat,0,5,0,cylinder
3068p10.dat,0,5,0,cylinder
3068p101.dat,0,5,0,cylinder
3068p18.dat,0,5,0,cylinder
3068p22.dat,0,5,0,cylinder
3068p23.dat,0,5,0,cylinder
3068p50.dat,0,5,0,cylinder
3068p51.dat,0,5,0,cylinder
3068p52.dat,0,5,0,cylinder
3068p57.dat,0,5,0,cylinder
3068p65.dat,0,5,0,cylinder
3068p66.dat,0,5,0,cylinder
3068p67.dat,0,5,0,cylinder
3068p68.dat,0,5,0,cylinder
3068p80.dat,0,5,0,cylinder
3068p81.dat,0,5,0,cylinder
3068p87.dat,0,5,0,cylinder
3068plc.dat,0,5,0,cylinder
3068ps1.dat,0,5,0,cylinder
3068warn.dat,0,5,0,cylinder
3069.dat,0,2,0,cylinder
306901.dat,0,2,0,cylinder
3069bd01.dat,0,2,0,cylinder
3069bd02.dat,0,2,0,cylinder
3069bd03.dat,0,2,0,cylinder
3069bd04.dat,0,2,0,cylinder
3069bd05.dat,0,2,0,cylinder
3069bd06.dat,0,2,0,cylinder
3069bd07.dat,0,2,0,cylinder
3069bps2.dat,0,2,0,cylinder
3069bps5.dat,0,2,0,cylinder
3069bpt6.dat,0,2,0,cylinder
3069p01.dat,0,2,0,cylinder
3069p05.dat,0,2,0,cylinder
3069p06.dat,0,2,0,cylinder
3069p07.dat,0,2,0,cylinder
3069p09.dat,0,2,0,cylinder
3069p101.dat,0,2,0,cylinder
3069p12.dat,0,2,0,cylinder
3069p13.dat,0,2,0,cylinder
3069p15.dat,0,2,0,cylinder
3069p21.dat,0,2,0,cylinder
3069p25.dat,0,2,0,cylinder
3069p30.dat,0,2,0,cylinder
3069p52.dat,0,2,0,cylinder
3069p68.dat,0,2,0,cylinder
307024.dat,1,1,0,cylinder
3070bds0.dat,1,1,0,cylinder
3070disp.dat,0,1,0,cylinder
3070p06.dat,0,1,0,cylinder
3070p1k.dat,0,1,0,cylinder
30741.dat,14,29,0,cylinder
3081ac01.dat,2,4,0,cylinder
3081bc01.dat,2,6,0,cylinder
3081cc01.dat,2,6,0,cylinder
30837.dat,29,69,0,cylinder
30841.dat,8,10,0,cylinder
3087ac01.dat,1,2,0,cylinder
3087bc01.dat,1,3,0,cylinder
3087cc01.dat,1,3,0,cylinder
309.dat,19,476,0,cylinder
30925.dat,3,5,0,cylinder
309p01.dat,19,476,0,cylinder
309p02.dat,19,476,0,cylinder
309p03.dat,19,476,0,cylinder
309p04.dat,19,476,0,cylinder
31.dat,0,9,0,cylinder
31043.dat,0,92,0,cylinder
31061.dat,4,12,0,cylinder
31066.dat,0,8,0,cylinder
31074.dat,0,140,0,cylinder
31111.dat,8,24,0,cylinder
31111p01.dat,8,24,0,cylinder
31111p02.dat,8,24,0,cylinder
31111p03.dat,8,24,0,cylinder
31111p04.dat,8,24,0,cylinder
31111p05.dat,8,24,0,cylinder
31111p06.dat,8,24,0,cylinder
31111p07.dat,8,24,0,cylinder
31111p08.dat,8,24,0,cylinder
31111p09.dat,8,24,0,cylinder
31111p0a.dat,8,24,0,cylinder
31111p0b.dat,8,24,0,cylinder
31111p0c.dat,8,24,0,cylinder
31111p0d.dat,8,24,0,cylinder
31111p0e.dat,8,24,0,cylinder
31111p0f.dat,8,24,0,cylinder
31111p0g.dat,8,24,0,cylinder
31215.dat,8,24,0,cylinder
3127.dat,2,5,0,cylinder
3134.dat,2,4,0,cylinder
3134d01.dat,2,4,0,cylinder
3135c01.dat,10,20,0,cylinder
3135c02.dat,10,20,0,cylinder
3135c03.dat,10,20,0,cylinder
3137a.dat,5,9,0,cylinder
3137b.dat,0,1,0,cylinder
3137c01.dat,5,11,0,cylinder
3137c02.dat,5,11,0,cylinder
3137c03.dat,5,11,0,cylinder
3137c04.dat,5,11,0,cylinder
3137c05.dat,5,13,0,cylinder;generic
31459.dat,0,24,0,cylinder
31460.dat,0,12,0,cylinder
3148.dat,9,17,1,cylinder;generic
31493.dat,2,7,0,cylinder
314d.dat,9,17,1,cylinder;generic
31511.dat,0,5,0,cylinder
31520.dat,0,5,0,cylinder
3160.dat,0,20,0,cylinder
3176.dat,5,11,0,cylinder
317626.dat,0,11,0,cylinder
3176c01-f1.dat,0,11,0,cylinder
3176c01-f2.dat,0,11,0,cylinder
3183.dat,5,12,0,cylinder;generic
3183a.dat,5,12,0,cylinder;generic
3183b.dat,1,8,0,cylinder;generic
3183c.dat,1,8,0,cylinder;generic
3184.dat,5,12,0,cylinder;generic
3187.dat,6,9,0,cylinder
3192.dat,0,2,0,cylinder
3193.dat,0,2,0,cylinder
3193p01.dat,0,2,0,cylinder
31ac01.dat,3,6,0,cylinder
31bc01.dat,3,9,0,cylinder
31cc01.dat,3,9,0,cylinder
32.dat,0,6,0,cylinder
32004bc01.dat,2,8,0,cylinder;generic
32006.dat,3,4,0,cylinder
32008.dat,0,4,0,cylinder
32020c01.dat,2,8,0,cylinder;generic
32021.dat,0,10,0,cylinder
32021p01.dat,0,10,0,cylinder
32021p01c01.dat,0,18,0,cylinder
32021p01c02.dat,0,18,0,cylinder
32026c01.dat,7,13,0,cylinder
32039.dat,0,2,0,cylinder
32053.dat,0,1,0,cylinder
32057.dat,3,4,3,cylinder
32058.dat,0,20,0,cylinder
32058p01.dat,0,20,0,cylinder
32059.dat,24,44,0,cylinder
32060.dat,0,1,0,cylinder
32061.dat,0,7,0,cylinder
32064.dat,2,7,0,cylinder
32064a.dat,3,7,0,cylinder
32064b.dat,3,7,0,cylinder
32064c.dat,3,7,0,cylinder
32064d.dat,3,7,0,cylinder
32068.dat,3,4,0,cylinder
32074c01.dat,4,11,0,cylinder
32077.dat,0,1,0,cylinder
32084.dat,30,54,0,cylinder
32085.dat,0,86,0,cylinder
32086.dat,8,16,0,cylinder
32086ps1.dat,8,16,0,cylinder
32087.dat,64,104,0,cylinder;generic
32089.dat,0,1,0,cylinder
321.dat,0,2,0,cylinder
32104.dat,20,44,0,cylinder
32104c01.dat,80,116,0,cylinder
32123.dat,0,1,0,cylinder
32123a.dat,0,1,0,cylinder
32123ac01.dat,0,1,0,cylinder
32125.dat,10,22,0,cylinder
32133c01.dat,0,6,0,cylinder
32136.dat,0,5,0,cylinder
32177.dat,3,4,0,cylinder
3218.dat,1,3,0,cylinder
32181c01.dat,0,1,0,cylinder
32181c02.dat,0,2,0,cylinder
32181c03.dat,0,1,0,cylinder
32181c04.dat,0,2,0,cylinder
32181c05.dat,0,1,0,cylinder
32183c01.dat,0,1,0,cylinder
32183c02.dat,0,1,0,cylinder
32184.dat,1,3,0,cylinder
32190d01.dat,0,4,0,cylinder
32195.dat,0,9,0,cylinder;generic
32197.dat,0,1,0,cylinder
32270.dat,0,1,0,cylinder
32276c01.dat,52,106,0,cylinder
32276c02.dat,52,106,0,cylinder
3228.dat,0,15,0,cylinder
32282.dat,0,20,0,cylinder
32283.dat,4,8,0,cylinder
32283c01.dat,0,29,0,cylinder
32288.dat,0,116,0,cylinder
32288c01.dat,28,147,0,cylinder
32288c02.dat,28,148,0,cylinder
3228ac01.dat,16,62,0,cylinder
3228ac02.dat,0,30,0,cylinder
3228bc01.dat,0,50,0,cylinder
3228bc02.dat,0,38,0,cylinder
3228c.dat,16,31,0,cylinder
32291.dat,2,3,0,cylinder
3229ac01.dat,0,6,0,cylinder
3229ac04.dat,48,120,0,cylinder
3229bc01.dat,0,13,0,cylinder
3229bc04.dat,0,88,0,cylinder
322c01.dat,10,18,0,cylinder
322c02.dat,0,18,0,cylinder
3231.dat,0,8,0,cylinder
32324.dat,16,40,0,cylinder
32342c01.dat,0,26,0,cylinder
32344.dat,28,36,0,cylinder
32374.dat,0,22,0,cylinder
32374p01.dat,0,22,0,cylinder
32374p01c01.dat,0,22,0,cylinder
32374p02.dat,0,22,0,cylinder
32374p02c01.dat,0,22,0,cylinder
324.dat,0,6,0,cylinder
3240ac01.dat,0,50,0,cylinder
3240ac02.dat,0,38,0,cylinder
3240bc01.dat,0,50,0,cylinder
3240bc02.dat,0,38,0,cylinder
3241ac01.dat,0,13,0,cylinder
3241ac04.dat,0,88,0,cylinder
3245b.dat,3,5,0,cylinder
3245bdq0.dat,3,5,0,cylinder
3245bdq1.dat,3,5,0,cylinder
3245bdq2.dat,3,5,0,cylinder
3245bdq3.dat,3,5,0,cylinder
3245bp01.dat,4,6,0,cylinder
3245bp02.dat,4,6,0,cylinder
3245bp03.dat,2,4,0,cylinder
3245bp04.dat,2,4,0,cylinder
3245bp05.dat,2,4,0,cylinder
3245bp06.dat,2,4,0,cylinder
3245bp07.dat,2,4,0,cylinder
3245cdm0.dat,2,7,0,cylinder
32475.dat,7,9,0,cylinder;generic
32531.dat,28,72,0,cylinder
32531a.dat,40,72,0,cylinder
32531b.dat,12,44,0,cylinder
32532.dat,0,92,0,cylinder
32532a.dat,44,92,0,cylinder
32532b.dat,44,92,0,cylinder
32627.dat,4,8,0,cylinder
32714.dat,0,2,0,cylinder
32739.dat,12,34,0,cylinder
32807.dat,2,3,0,cylinder
32807dy0.dat,0,3,0,cylinder
32932.dat,6,17,0,cylinder
32952.dat,2,6,0,cylinder
3297d01.dat,0,16,0,cylinder
329826.dat,0,8,0,cylinder
3298d01.dat,0,8,0,cylinder
3298d05.dat,0,8,0,cylinder
3298dy0.dat,0,8,0,cylinder
3298dy1.dat,0,8,0,cylinder
32ac01.dat,0,4,0,cylinder
32bc01.dat,0,6,0,cylinder
32cc01.dat,0,6,0,cylinder
33.dat,0,6,0,cylinder
33029.dat,0,2,0,cylinder
33036.dat,0,5,0,cylinder
33036c01.dat,0,5,0,cylinder
33048c01.dat,0,2,0,cylinder
33062.dat,0,4,0,cylinder
3307.dat,2,8,0,cylinder
3307p00.dat,2,8,0,cylinder
33080.dat,0,242,0,cylinder
33086.dat,8,11,0,cylinder
33088.dat,0,4,0,cylinder
3308a.dat,2,10,0,cylinder
3308ap01.dat,2,10,0,cylinder
33177.dat,0,66,0,cylinder
33213.dat,8,81,6,cylinder
33215.dat,27,29,0,cylinder
33216.dat,1,9,0,cylinder;fingers
33230.dat,235,460,0,cylinder
3324d.dat,17,33,1,cylinder;generic
3324e.dat,17,33,1,cylinder;generic
33268.dat,0,2,0,cylinder
33268c01.dat,0,2,0,cylinder
33299.dat,0,4,0,cylinder
33299a.dat,2,4,0,cylinder
3334.dat,0,384,0,cylinder
33340.dat,26,34,0,cylinder;generic
33341.dat,1,13,0,cylinder;generic
3350d01.dat,2,2,0,cylinder
3350p04.dat,0,2,0,cylinder
3359.dat,4,6,0,cylinder
335c01.dat,0,7,0,cylinder
335c02.dat,0,7,0,cylinder
338.dat,1,4,0,cylinder;fingers
3383.dat,0,2,0,cylinder
3384.dat,0,2,0,cylinder
33847.dat,0,1,0,cylinder
339.dat,0,1,0,fingers
33909.dat,4,6,0,cylinder
33ac01.dat,0,4,0,cylinder
33bc01.dat,0,6,0,cylinder
33cc01.dat,0,6,0,cylinder
34.dat,0,19,0,cylinder
340.dat,16,22,0,cylinder
3403c01.dat,19,31,0,cylinder
3404.dat,2,14,0,cylinder
3404b.dat,0,12,0,cylinder
3404bc01.dat,0,12,0,cylinder
3404bc02.dat,0,12,0,cylinder
3404cc01.dat,0,12,0,cylinder
3404cc02.dat,0,12,0,cylinder
3404d.dat,0,12,0,cylinder
3404dc01.dat,0,12,0,cylinder
3404dc02.dat,0,12,0,cylinder
3404ec01.dat,0,12,0,cylinder
3404ec02.dat,0,12,0,cylinder
34103.dat,5,9,0,cylinder
34103px1.dat,0,4,0,cylinder
34277.dat,0,8,0,cylinder
3430.dat,0,4,0,cylinder
3430c00-f1.dat,0,4,0,cylinder
3430c00-f2.dat,0,4,0,cylinder
3430c00.dat,0,4,0,cylinder
3430c01-f1.dat,0,4,0,cylinder
3430c01.dat,0,4,0,cylinder
3430c02-f1.dat,0,4,0,cylinder
3430c02.dat,0,4,0,cylinder
3430c03-f1.dat,0,4,0,cylinder
3437.dat,4,12,0,cylinder
3437p01.dat,4,12,0,cylinder
3437p02.dat,4,12,0,cylinder
3437pe0.dat,4,12,0,cylinder
3437pe1.dat,4,12,0,cylinder
3437pe2.dat,4,12,0,cylinder
3437pe3.dat,4,12,0,cylinder
34412.dat,0,5,7,cylinder
34412p01.dat,0,5,7,cylinder
34432.dat,16,21,0,cylinder
3443ac01.dat,0,5,0,cylinder
3443ac02.dat,2,11,0,cylinder;generic
3443ac03.dat,0,5,0,cylinder
3443ac04.dat,2,11,0,cylinder;generic
3443b.dat,0,22,0,cylinder
3443bc01.dat,0,27,0,cylinder
3443bc02.dat,2,33,0,cylinder;generic
3443bc03.dat,0,27,0,cylinder
3443bc04.dat,2,33,0,cylinder;generic
3443bc05.dat,0,27,0,cylinder
3443bc06.dat,2,33,0,cylinder;generic
3460.dat,8,23,0,cylinder
3460py0.dat,0,15,0,cylinder
3462.dat,7,11,0,cylinder
3468c01.dat,0,2,0,cylinder
34732.dat,4,15,0,cylinder
34738.dat,11,15,0,cylinder
3474.dat,18,30,0,cylinder
34742.dat,0,28,0,cylinder
3475.dat,3,7,0,cylinder
3475a.dat,4,6,0,cylinder
3475b.dat,4,7,0,cylinder
3479.dat,6,14,0,cylinder
34816.dat,3,6,0,cylinder
3482c01.dat,0,1,0,cylinder
3482c02.dat,0,1,0,cylinder
3482c03.dat,0,1,0,cylinder
3482c04.dat,0,1,0,cylinder
3482c05.dat,0,1,0,cylinder
3486.dat,1,5,0,cylinder
3491.dat,9,17,0,cylinder;generic
3497.dat,0,192,0,cylinder
34993c01.dat,0,24,0,cylinder
34a.dat,0,8,0,cylinder
35.dat,1,2,0,cylinder
35007.dat,0,6,0,cylinder
35010.dat,0,6,0,cylinder
35011.dat,0,1408,0,cylinder
35011c01.dat,0,1432,0,cylinder
35014c01.dat,0,8,0,cylinder
35015.dat,0,8,0,cylinder
35016.dat,0,176,0,cylinder
35016c01.dat,0,184,0,cylinder
35017c01.dat,0,8,0,cylinder
35018.dat,0,8,0,cylinder
35019.dat,0,352,0,cylinder
35019c01.dat,0,360,0,cylinder
35020c01.dat,0,24,0,cylinder
35044.dat,8,16,0,cylinder
35114.dat,0,4,0,cylinder
35194.dat,0,3,0,cylinder
35195.dat,0,6,0,cylinder
35197.dat,0,6,0,cylinder
35199.dat,0,704,0,cylinder
35199c01.dat,0,728,0,cylinder
35243.dat,4,11,0,cylinder
35298.dat,0,1,0,cylinder
353.dat,572,572,0,cylinder
35327.dat,0,10,0,cylinder
35331.dat,0,20,0,cylinder
35338.dat,0,1,0,cylinder
35378.dat,0,7,0,cylinder
35382.dat,0,2,0,cylinder
35386.dat,0,2,0,cylinder
3544.dat,16,28,0,cylinder
35443.dat,13,25,0,cylinder
35446.dat,26,50,0,cylinder
3545.dat,16,28,0,cylinder
35470.dat,11,14,0,cylinder
35477.dat,3,5,0,cylinder
35533.dat,0,8,0,cylinder
35533c01.dat,24,42,0,cylinder
35565.dat,6,31,0,cylinder
3569.dat,1,5,0,cylinder
35779.dat,0,4,0,cylinder
35789.dat,9,13,0,cylinder
3585.dat,44,88,0,cylinder
3586.dat,44,88,0,cylinder
3587.dat,6,12,0,cylinder
3587d01.dat,0,12,0,cylinder
3587p01.dat,6,12,0,cylinder
3587p02.dat,6,12,0,cylinder
3587pa0.dat,6,12,0,cylinder
35967.dat,2,10,0,generic;cylinder
3597.dat,9,13,0,cylinder;fingers
35a.dat,0,1,0,cylinder
3622.dat,3,8,0,cylinder
3622p02.dat,3,8,0,cylinder
3622p03.dat,3,8,0,cylinder
3622p04.dat,3,8,0,cylinder
3622p05.dat,3,8,0,cylinder
3622p06.dat,3,8,0,cylinder
3622p07.dat,3,8,0,cylinder
3622p08.dat,3,8,0,cylinder
3622p09.dat,3,8,0,cylinder
3622p0a.dat,3,8,0,cylinder
3622p0b.dat,3,8,0,cylinder
3622p10.dat,3,8,0,cylinder
3622p53.dat,3,8,0,cylinder
3622p70.dat,3,8,0,cylinder
3622pf1.dat,3,8,0,cylinder
3622px1.dat,3,8,0,cylinder
3622px2.dat,3,8,0,cylinder
3622px3.dat,3,8,0,cylinder
3622px4.dat,3,8,0,cylinder
3622pz0.dat,3,8,0,cylinder
3623.dat,5,8,0,cylinder
362321.dat,3,8,0,cylinder
3623p00.dat,5,8,0,cylinder
3623p01.dat,5,8,0,cylinder
3623p02.dat,5,8,0,cylinder
3623p03.dat,5,8,0,cylinder
3623p05.dat,5,8,0,cylinder
3623pt1.dat,5,8,0,cylinder
3623pt2.dat,5,8,0,cylinder
3623pt3.dat,5,8,0,cylinder
3623pz1.dat,5,8,0,cylinder
3626-4t.dat,0,2,0,cylinder
3626.dat,0,5,0,cylinder
362626.dat,0,5,0,cylinder
3626cpcob.dat,0,4,0,cylinder
3626p01.dat,0,5,0,cylinder
3626p02.dat,0,5,0,cylinder
3639.dat,9,17,0,cylinder;fingers
3640.dat,9,17,0,cylinder;fingers
3645.dat,0,960,0,cylinder
3645p03.dat,75,960,0,cylinder
3650.dat,0,1,0,cylinder
3660p01.dat,0,6,0,cylinder
3660p02.dat,0,6,0,cylinder
3660p03.dat,0,6,0,cylinder
3666.dat,6,17,0,cylinder
3666py0.dat,0,11,0,cylinder
3668.dat,2,18,0,cylinder
367.dat,0,132,0,cylinder
3675dx0.dat,9,10,0,cylinder
3675dx1.dat,9,10,0,cylinder
3678.dat,0,6,0,cylinder
3678ad01.dat,0,6,0,cylinder
3678ad21.dat,0,6,0,cylinder
3678ad22.dat,0,6,0,cylinder
3678ad23.dat,0,6,0,cylinder
3678ad24.dat,0,6,0,cylinder
3678ad25.dat,0,6,0,cylinder
3678ad26.dat,0,6,0,cylinder
3678ad27.dat,0,6,0,cylinder
3678ad28.dat,0,6,0,cylinder
3678p01.dat,0,6,0,cylinder
3678p4h.dat,0,6,0,cylinder
3678pc0.dat,0,6,0,cylinder
3679.dat,1,5,0,cylinder
368.dat,2,3,0,cylinder
3680c01.dat,7,11,0,cylinder
3680c02.dat,7,11,0,cylinder
3684.dat,0,8,0,cylinder
3684adq0.dat,0,8,0,cylinder
3684adq1.dat,0,8,0,cylinder
3684adq2.dat,0,8,0,cylinder
3684adq3.dat,0,8,0,cylinder
3684c.dat,4,6,0,cylinder
3684cph0.dat,4,6,0,cylinder
3684p22.dat,0,8,0,cylinder
369.dat,6,9,0,cylinder
3691.dat,20,52,8,cylinder
370.dat,1,2,0,cylinder
370101.dat,7,15,0,cylinder
370226.dat,15,31,0,cylinder
370526.dat,1,2,0,cylinder
370626.dat,1,2,0,cylinder
370726.dat,1,2,0,cylinder
370826.dat,1,2,0,cylinder
3709.dat,11,19,0,cylinder
370926.dat,11,19,0,cylinder
3709a.dat,15,31,0,cylinder
3709c.dat,15,23,0,cylinder
371.dat,1,3,0,cylinder;fingers
3710.dat,4,11,0,cylinder
371026.dat,4,11,0,cylinder
3710py0.dat,0,7,0,cylinder
3712c01.dat,4,6,0,cylinder;clip
3713.dat,0,1,0,cylinder
37191.dat,0,6,0,cylinder
37191c01.dat,6,13,5,cylinder
372.dat,2,10,0,cylinder;fingers
3729.dat,6,10,0,cylinder;generic
373.dat,1,3,0,cylinder;clip
37308.dat,0,6,0,cylinder
37308c01.dat,0,7,0,cylinder;generic
3731.dat,6,10,0,cylinder;generic
37312.dat,1,15,0,cylinder
37312c01.dat,0,16,0,cylinder;generic
37316.dat,0,6,0,cylinder
37316c01.dat,0,7,0,cylinder;generic
37364.dat,0,10,0,cylinder
37365.dat,0,3,0,cylinder
37383c01.dat,0,5,0,cylinder
37383p01c01.dat,0,5,0,cylinder
3739c01.dat,0,1,0,cylinder
374.dat,7,508,0,cylinder
3741ac03.dat,9,11,4,cylinder
3741c01.dat,0,1,6,cylinder
37452.dat,2,7,0,cylinder
3747.dat,2,9,0,cylinder
374726.dat,2,9,0,cylinder
3747b.dat,6,8,0,cylinder
37493.dat,2,14,0,cylinder
374p01.dat,41,508,0,cylinder
374p02.dat,71,508,0,cylinder
374p03.dat,60,508,0,cylinder
3750c01.dat,8,16,0,cylinder
3755.dat,0,7,0,cylinder
376.dat,3,8,0,cylinder
3766.dat,0,20,0,cylinder
37702c01.dat,1,3,0,cylinder;fingers
37783.dat,1,2,0,cylinder
3787.dat,5,9,0,cylinder
3788.dat,5,13,0,cylinder
3794.dat,2,5,0,cylinder
379421.dat,0,5,0,cylinder
379424.dat,0,5,0,cylinder
379501.dat,12,24,0,cylinder
379523.dat,12,24,0,cylinder
3811.dat,0,1024,0,cylinder
3811p01.dat,59,1024,0,cylinder
3811p02.dat,310,1024,0,cylinder
3811p03.dat,5,1024,0,cylinder
3811p04.dat,290,1024,0,cylinder
3811p05.dat,310,1024,0,cylinder
3815c01.dat,0,13,0,cylinder
3815c02.dat,0,13,0,cylinder
3815c36.dat,2,11,0,cylinder
3815c3j.dat,0,13,0,cylinder
3815c4f.dat,0,13,0,cylinder
3815c63.dat,0,13,0,cylinder
3815c6g.dat,0,13,0,cylinder
3815c6u.dat,0,13,0,cylinder
3815c6v.dat,0,13,0,cylinder
3815c6w.dat,0,13,0,cylinder
3815c89.dat,0,13,0,cylinder
3815c8h.dat,0,13,0,cylinder
3815c8i.dat,0,13,0,cylinder
3815ca2.dat,0,13,0,cylinder
3815ca3.dat,0,13,0,cylinder
3815ca9.dat,0,13,0,cylinder
3815caw.dat,0,13,0,cylinder
3815cba.dat,0,13,0,cylinder
3815cbb.dat,0,13,0,cylinder
3815cbc.dat,0,13,0,cylinder
3815cbd.dat,0,13,0,cylinder
3815cbe.dat,0,13,0,cylinder
3815cbf.dat,0,13,0,cylinder
3815cbg.dat,0,13,0,cylinder
3815cc44.dat,0,13,0,cylinder
3815cc67.dat,0,13,0,cylinder
3815cc6a.dat,0,13,0,cylinder
3815cde.dat,0,13,0,cylinder
3815chb.dat,0,13,0,cylinder
3815cm0.dat,0,13,0,cylinder
3815cm1.dat,0,13,0,cylinder
3815cm2.dat,0,13,0,cylinder
3815cq0.dat,0,13,0,cylinder
3815cq1.dat,0,13,0,cylinder
3815cq2.dat,0,13,0,cylinder
3815cs5.dat,0,13,0,cylinder
3815csk.dat,0,13,0,cylinder
3815cw1.dat,0,13,0,cylinder
3815cw2.dat,0,13,0,cylinder
3815cw3.dat,0,13,0,cylinder
3816b.dat,0,4,0,cylinder
3816bp60.dat,0,4,0,cylinder
3816bp70.dat,0,4,0,cylinder
3816bp71.dat,0,4,0,cylinder
3816bp89.dat,0,4,0,cylinder
3816bpa3.dat,0,4,0,cylinder
3816bpc97.dat,0,4,0,cylinder
3816bpcbd.dat,0,4,0,cylinder
3816bpd6e.dat,0,4,0,cylinder
3816c.dat,0,4,0,cylinder
3816cp3j.dat,0,4,0,cylinder
3816cp41.dat,0,4,0,cylinder
3816cp60.dat,0,4,0,cylinder
3816cp61.dat,0,4,0,cylinder
3816cp62.dat,0,4,0,cylinder
3816cp70.dat,0,4,0,cylinder
3816cp71.dat,0,4,0,cylinder
3816cp89.dat,0,4,0,cylinder
3816cp8a.dat,0,4,0,cylinder
3816cpa3.dat,0,4,0,cylinder
3816cpc97.dat,0,4,0,cylinder
3816cpcbd.dat,0,4,0,cylinder
3816cpd6e.dat,0,4,0,cylinder
3816cpdd1.dat,0,4,0,cylinder
3816cpn4.dat,0,4,0,cylinder
3816cps4.dat,0,4,0,cylinder
3816cpy1.dat,0,4,0,cylinder
3816p89.dat,0,4,0,cylinder
3816pa3.dat,0,4,0,cylinder
3817bp3j.dat,0,4,0,cylinder
3817bp41.dat,0,4,0,cylinder
3817bp42.dat,0,4,0,cylinder
3817bp4f.dat,0,4,0,cylinder
3817bp63.dat,0,4,0,cylinder
3817bp6f.dat,0,4,0,cylinder
3817bpa2.dat,0,4,0,cylinder
3817bpbb.dat,0,4,0,cylinder
3817bpbc.dat,0,4,0,cylinder
3817bpbe.dat,0,4,0,cylinder
3817bpbf.dat,0,4,0,cylinder
3817bpc67.dat,0,4,0,cylinder
3817bpc6a.dat,0,4,0,cylinder
3817bpm0.dat,0,4,0,cylinder
3817cp42.dat,0,4,0,cylinder
3817cp4f.dat,0,4,0,cylinder
3817cp63.dat,0,4,0,cylinder
3817cp6f.dat,0,4,0,cylinder
3817cpa2.dat,0,4,0,cylinder
3817cpbb.dat,0,4,0,cylinder
3817cpbc.dat,0,4,0,cylinder
3817cpbe.dat,0,4,0,cylinder
3817cpbf.dat,0,4,0,cylinder
3817cpc67.dat,0,4,0,cylinder
3817cpc6a.dat,0,4,0,cylinder
3817cpm0.dat,0,4,0,cylinder
3817p3j.dat,0,4,0,cylinder
3817p4f.dat,0,4,0,cylinder
3817p63.dat,0,4,0,cylinder
3817pa2.dat,0,4,0,cylinder
3817pbb.dat,0,4,0,cylinder
3817pbc.dat,0,4,0,cylinder
3817pbe.dat,0,4,0,cylinder
3817pbf.dat,0,4,0,cylinder
3817pc67.dat,0,4,0,cylinder
3817pc6a.dat,0,4,0,cylinder
3817pm0.dat,0,4,0,cylinder
3818p01.dat,0,2,0,cylinder
3819p01.dat,0,2,0,cylinder
3819px1.dat,0,1,0,cylinder
3821d01.dat,0,2,0,cylinder
3821d03.dat,0,2,0,cylinder
3821p01.dat,0,2,0,cylinder
3821p03.dat,0,2,0,cylinder
3822d01.dat,0,2,0,cylinder
3822d03.dat,0,2,0,cylinder
3829.dat,0,5,0,cylinder
3829c01.dat,4,5,0,cylinder
3831.dat,4,6,0,cylinder
3831d01.dat,3,6,0,cylinder
383201.dat,20,40,0,cylinder
38339.dat,8,14,0,cylinder
38339c01.dat,0,14,0,cylinder
38339c02.dat,0,14,0,cylinder
3839.dat,4,7,0,cylinder
3840d01.dat,0,1,0,cylinder
3840d02.dat,0,1,0,cylinder
3840d03.dat,0,1,0,cylinder
3840d04.dat,0,1,0,cylinder
3840d05.dat,0,1,0,cylinder
3840d06.dat,0,1,0,cylinder
3840d07.dat,0,1,0,cylinder
3840d08.dat,0,1,0,cylinder
3840d09.dat,0,1,0,cylinder
3846d01.dat,0,2,0,cylinder
3846d02.dat,0,2,0,cylinder
3846d03.dat,0,2,0,cylinder
3846d04.dat,0,2,0,cylinder
3846d05.dat,0,2,0,cylinder
3846d06.dat,0,2,0,cylinder
3846d07.dat,0,2,0,cylinder
3846d0a.dat,0,2,0,cylinder
385.dat,64,1347,0,cylinder
3853.dat,13,20,0,cylinder;fingers
3857.dat,0,512,0,cylinder
3857p01.dat,0,512,0,cylinder
3857p02.dat,58,512,0,cylinder
385a.dat,16,1371,0,cylinder
385ap01.dat,16,1371,0,cylinder
3861.dat,1,4,0,cylinder
38628.dat,2,3,2,cylinder
38628p01.dat,2,3,2,cylinder
38628p02.dat,2,3,2,cylinder
38630.dat,1,3,2,cylinder
38630p01.dat,1,3,2,cylinder
38630p02.dat,1,3,2,cylinder
3865.dat,0,128,0,cylinder
3867.dat,0,256,0,cylinder
387.dat,3,6,0,cylinder
388.dat,2,5,0,cylinder
3888a.dat,0,56,0,cylinder
3888ac01.dat,0,60,0,cylinder
3888ac02.dat,0,60,0,cylinder
3890.dat,12,36,0,cylinder
3890c01.dat,12,36,0,cylinder
3890c02.dat,12,36,0,cylinder
3890c03.dat,12,36,0,cylinder
3890c04.dat,12,36,0,cylinder
3890c05.dat,12,36,0,cylinder
3890c06.dat,12,36,0,cylinder
3890c07.dat,12,36,0,cylinder
3897d01.dat,0,2,0,cylinder
39.dat,1,3,0,cylinder
3900d01.dat,0,3,0,cylinder
39266.dat,9,14,0,cylinder
39266p01.dat,9,14,0,cylinder
39266p02.dat,9,14,0,cylinder
39266p03.dat,9,14,0,cylinder
39280.dat,0,2,0,cylinder
39370c01.dat,4,11,0,cylinder;generic
3937c01.dat,4,8,0,cylinder;fingers
3939d01.dat,0,8,0,cylinder
3940.dat,0,9,0,cylinder
3941.dat,7,11,0,cylinder
3941d01.dat,0,10,0,cylinder
3941d02.dat,0,11,0,cylinder
3941p01.dat,7,11,0,cylinder
3942.dat,6,8,0,cylinder
3943.dat,13,17,0,cylinder
3943a.dat,12,16,0,cylinder
3943b.dat,13,17,0,cylinder
3943bp01.dat,1,5,0,cylinder
3944.dat,0,10,0,cylinder
3945.dat,4,7,0,cylinder
395.dat,0,12,0,cylinder
3951.dat,0,8,0,cylinder
3951p68.dat,0,8,0,cylinder
3956.dat,14,18,0,cylinder
395701.dat,0,2,0,cylinder
3958.dat,36,72,0,cylinder
396.dat,5,13,0,cylinder
3961.dat,6,10,0,cylinder
39613.dat,12,16,0,cylinder
3961p20.dat,6,10,0,cylinder
3961pb0.dat,6,10,0,cylinder
3961pn0.dat,6,10,0,cylinder
3961ps0.dat,6,10,0,cylinder
3961px0.dat,6,10,0,cylinder
3962.dat,1,5,0,cylinder
39789.dat,11,19,0,cylinder
3997c01.dat,0,2,0,clip
39c01.dat,0,3,0,cylinder
4.dat,0,2,0,cylinder
40.dat,3,6,0,cylinder
4003.dat,3,7,0,cylinder;generic
4003c01.dat,3,7,0,cylinder;generic
401.dat,6,12,0,cylinder
4022c01.dat,5,9,0,cylinder;fingers
4022c02.dat,5,9,0,cylinder;fingers
4023c01.dat,1,4,0,cylinder;fingers
4023c02.dat,1,4,0,cylinder;fingers
4032.dat,6,10,0,cylinder
4032a.dat,6,10,0,cylinder
4032b.dat,7,11,0,cylinder
4033c01.dat,5,16,0,cylinder;fingers
40344.dat,28,72,0,cylinder
40345.dat,0,92,0,cylinder
4035c01.dat,2,6,0,cylinder
40373.dat,1,5,0,cylinder
40395.dat,0,1,0,cylinder
40396.dat,0,1,0,cylinder
404.dat,2,4,0,cylinder
405.dat,0,2,0,clip
40573.dat,0,134,0,cylinder
40574c01.dat,32,134,0,cylinder
40575.dat,6,14,0,cylinder
40687.dat,2,10,0,cylinder
407.dat,0,2,0,cylinder
407026.dat,2,4,0,cylinder
4070dy0.dat,2,4,0,cylinder
407924.dat,4,6,0,cylinder
408.dat,0,2,0,cylinder
4080.dat,32,35,0,cylinder
4081.dat,4,5,0,cylinder
408126.dat,4,5,0,cylinder
4082.dat,48,72,0,cylinder
4085.dat,2,3,0,clip;cylinder
408523.dat,2,3,0,clip;cylinder
408526.dat,2,3,0,clip;cylinder
4088.dat,6,11,0,cylinder
40902.dat,5,9,1,cylinder
40918-f1.dat,2,6,0,cylinder
40918-f2.dat,2,6,0,cylinder
4092.dat,0,2,0,cylinder
4093.dat,0,164,0,cylinder
40930.dat,0,4,0,cylinder
4093a.dat,8,164,0,cylinder
4093b.dat,137,301,0,cylinder
4093c.dat,130,294,0,cylinder
4100338.dat,42,58,1,cylinder
4100339.dat,33,409,0,cylinder
4100340.dat,30,46,1,cylinder
4100341.dat,18,294,0,cylinder
41014c01.dat,0,34,0,cylinder
4105279.dat,0,2,0,clip
4106548.dat,0,41,0,cylinder
4106592.dat,0,2,0,clip
4106593.dat,0,2,0,clip
4107073.dat,0,20,0,cylinder
4107539.dat,0,1,0,cylinder
4107623.dat,0,13,0,cylinder
4107767.dat,2,3,0,cylinder
4108c01.dat,0,2,0,cylinder
4109600.dat,0,384,0,cylinder
4109601.dat,0,600,0,cylinder
4109602.dat,0,512,0,cylinder
4109603.dat,0,256,0,cylinder
4113993.dat,12,24,0,cylinder
4114324.dat,8,23,0,cylinder
4116604.dat,0,17,0,cylinder
4116679.dat,0,1,0,clip
4116683.dat,0,1,0,clip
4116688.dat,0,1,0,clip
4116689.dat,0,1,0,clip
4116691.dat,0,1,0,clip
4116692.dat,0,1,0,clip
4116859.dat,0,1,0,clip
4118782.dat,4,11,0,cylinder
4119350.dat,0,2,0,cylinder
4120158.dat,0,13,0,cylinder
4121.dat,8,16,0,cylinder
4121715.dat,2,4,0,cylinder
4121921.dat,3,8,0,cylinder
4124174.dat,17,41,0,cylinder
4128503.dat,0,14,0,cylinder
41357.dat,0,8,0,cylinder
4141498.dat,0,106,0,cylinder
4142925.dat,0,36,0,cylinder
4145p01c01.dat,0,13,0,cylinder
4145p02c01.dat,0,13,0,cylinder
41486.dat,2,10,0,cylinder
4150c07.dat,0,5,0,cylinder
4150p07.dat,0,5,0,cylinder
4151.dat,32,92,0,cylinder
4151a.dat,88,92,0,cylinder
4151b.dat,89,93,0,cylinder
4151c.dat,28,84,0,cylinder
41530.dat,0,1,0,cylinder
4155708.dat,0,5,0,cylinder
4160101.dat,0,14,0,cylinder
4160108.dat,0,14,0,cylinder
4160124.dat,0,14,0,cylinder
4160130.dat,0,14,0,cylinder
4160689.dat,2,3,0,cylinder
4162.dat,8,15,0,cylinder
4162628.dat,0,4,0,cylinder
4162916.dat,0,13,0,cylinder
4162d01.dat,0,15,0,cylinder
4162d02.dat,0,15,0,cylinder
4162d03.dat,0,15,0,cylinder
4162dm0.dat,0,15,0,cylinder
4162dm1.dat,0,15,0,cylinder
4162p01.dat,8,15,0,cylinder
4162p02.dat,8,15,0,cylinder
4162p03.dat,8,15,0,cylinder
4162p04.dat,8,15,0,cylinder
4162p05.dat,8,15,0,cylinder
4162p06.dat,8,15,0,cylinder
4162p07.dat,8,15,0,cylinder
4162p08.dat,8,15,0,cylinder
4162p09.dat,8,15,0,cylinder
4162p0a.dat,8,15,0,cylinder
4162p0b.dat,8,15,0,cylinder
4162p0c.dat,8,15,0,cylinder
4162p0d.dat,8,15,0,cylinder
4162p0e.dat,8,15,0,cylinder
4162p0f.dat,8,15,0,cylinder
4162p0g.dat,8,15,0,cylinder
4162p0h.dat,8,15,0,cylinder
4162p0i.dat,8,15,0,cylinder
4162p0j.dat,8,15,0,cylinder
4162p0k.dat,8,15,0,cylinder
4162p0l.dat,8,15,0,cylinder
4162p0m.dat,8,15,0,cylinder
4162p0n.dat,8,15,0,cylinder
4162p0o.dat,8,15,0,cylinder
4162p0p.dat,8,15,0,cylinder
4162p0q.dat,8,15,0,cylinder
4162p0r.dat,8,15,0,cylinder
4162p0s.dat,8,15,0,cylinder
4162p0t.dat,8,15,0,cylinder
4162p0u.dat,8,15,0,cylinder
4162p0v.dat,8,15,0,cylinder
4162p0w.dat,8,15,0,cylinder
4162p0x.dat,8,15,0,cylinder
4162p0y.dat,8,15,0,cylinder
4162p0z.dat,8,15,0,cylinder
4162p10.dat,8,15,0,cylinder
4162p11.dat,8,15,0,cylinder
4162p12.dat,8,15,0,cylinder
4162p13.dat,8,15,0,cylinder
4162p14.dat,8,15,0,cylinder
4162p15.dat,8,15,0,cylinder
4162p16.dat,8,15,0,cylinder
4162p17.dat,8,15,0,cylinder
4162p18.dat,8,15,0,cylinder
4162p19.dat,8,15,0,cylinder
4162p1a.dat,8,15,0,cylinder
4162p1b.dat,8,15,0,cylinder
4162p1c.dat,8,15,0,cylinder
4162p1d.dat,8,15,0,cylinder
4162p1e.dat,8,15,0,cylinder
4162p1f.dat,8,15,0,cylinder
4162p1g.dat,8,15,0,cylinder
4162p1h.dat,8,15,0,cylinder
4162p1i.dat,8,15,0,cylinder
4162p1j.dat,8,15,0,cylinder
4162p1k.dat,8,15,0,cylinder
4162p1l.dat,8,15,0,cylinder
4162p1m.dat,8,15,0,cylinder
4162p1n.dat,8,15,0,cylinder
4162p1p.dat,8,15,0,cylinder
4162p1q.dat,8,15,0,cylinder
4162p1r.dat,8,15,0,cylinder
4162pt1.dat,8,15,0,cylinder
4162pt2.dat,8,15,0,cylinder
4162pt3.dat,8,15,0,cylinder
4162pt4.dat,8,15,0,cylinder
4164290.dat,0,2,0,clip
4166.dat,0,12,0,cylinder
41668.dat,1,3,0,cylinder
4166b.dat,0,12,0,cylinder
41679.dat,3,4,0,cylinder
41682.dat,7,9,0,cylinder
4168950.dat,0,13,0,cylinder
4170c01.dat,6,23,0,cylinder
4170c01d01.dat,0,23,0,cylinder
4170d01.dat,6,23,0,cylinder
41750.dat,8,10,0,cylinder
41761.dat,0,35,0,cylinder
41762.dat,0,8,0,cylinder
41766.dat,16,20,0,cylinder
41767d01.dat,0,10,0,cylinder
41768d01.dat,0,10,0,cylinder
4177932.dat,0,5,0,cylinder
4178523.dat,0,1,0,cylinder
4179872.dat,0,10,0,cylinder
4179873.dat,0,10,0,cylinder
4180.dat,0,16,0,cylinder
4180508.dat,0,7,0,cylinder
4180536.dat,0,7,0,cylinder
4180b.dat,0,8,0,cylinder
4180c01.dat,8,16,0,cylinder
4180c02.dat,8,16,0,cylinder
41811.dat,0,8,0,cylinder
4181142.dat,12,24,0,cylinder
41815c01-f1.dat,0,1,0,cylinder
41815c01-f2.dat,0,1,0,cylinder
4181c01.dat,1,6,0,cylinder;generic
4181d01.dat,0,5,0,cylinder;generic
4181d02.dat,0,5,0,cylinder;generic
4181d03.dat,0,5,0,cylinder;generic
4181d04.dat,0,5,0,cylinder;generic
4181d05.dat,0,5,0,cylinder;generic
4181d06.dat,0,5,0,cylinder;generic
4181d07.dat,0,5,0,cylinder;generic
4181d08.dat,0,5,0,cylinder;generic
4181d09.dat,0,5,0,cylinder;generic
4181d0a.dat,0,5,0,cylinder;generic
4181dt0.dat,0,5,0,cylinder;generic
4181dt1.dat,0,5,0,cylinder;generic
4181p02d01.dat,0,5,0,cylinder;generic
4181p02d02.dat,0,5,0,cylinder;generic
4181p03d01.dat,0,5,0,cylinder;generic
4181p05d01.dat,0,5,0,cylinder;generic
4182c01.dat,1,6,0,cylinder;generic
4182d01.dat,0,5,0,cylinder;generic
4182d02.dat,0,5,0,cylinder;generic
4182d03.dat,0,5,0,cylinder;generic
4182d04.dat,0,5,0,cylinder;generic
4182d05.dat,0,5,0,cylinder;generic
4182d06.dat,0,5,0,cylinder;generic
4182d07.dat,0,5,0,cylinder;generic
4182d08.dat,0,5,0,cylinder;generic
4182d09.dat,0,5,0,cylinder;generic
4182d0a.dat,0,5,0,cylinder;generic
4182d0b.dat,0,5,0,cylinder;generic
4182d0e.dat,0,5,0,cylinder;generic
4182d10.dat,0,5,0,cylinder;generic
4182dt0.dat,0,5,0,cylinder;generic
4182dt1.dat,0,5,0,cylinder;generic
4182p02d01.dat,0,5,0,cylinder;generic
4182p02d02.dat,0,5,0,cylinder;generic
4182p03d01.dat,0,5,0,cylinder;generic
4182p05d01.dat,0,5,0,cylinder;generic
41838.dat,1,2,0,cylinder
4185.dat,7,8,0,cylinder
4185177.dat,0,5,0,cylinder
4185495.dat,0,13,0,cylinder
41856.dat,4,16,0,cylinder
41858.dat,4,16,0,cylinder
4186.dat,0,2304,0,cylinder
41862.dat,5,9,0,cylinder
4186p01.dat,144,324,0,cylinder
4187.dat,0,256,0,cylinder
4187750.dat,0,3,0,cylinder
41879.dat,0,4,0,cylinder
4188055.dat,0,2,0,clip
41881.dat,14,18,0,cylinder
41896c01.dat,0,4,0,cylinder
4193528.dat,17,41,0,cylinder
41948.dat,62,112,0,cylinder
4195004.dat,0,4,0,cylinder
4196.dat,72,216,0,cylinder
41969.dat,0,4,0,cylinder
4197.dat,0,16,0,cylinder
41978.dat,0,8,0,cylinder
4197pt0.dat,0,16,0,cylinder
4197pt2.dat,0,16,0,cylinder
4198367.dat,0,2,0,cylinder
41989.dat,0,16,0,cylinder
42003.dat,2,3,0,cylinder
4201.dat,64,128,0,cylinder
42019.dat,8,10,0,cylinder
4202.dat,48,96,0,cylinder
42020.dat,0,10,0,cylinder
42021.dat,31,35,0,cylinder
42021d01.dat,0,35,0,cylinder
4203.dat,64,128,0,cylinder
4204.dat,128,256,0,cylinder
4206504.dat,0,13,0,cylinder
42073c01.dat,13,36,0,cylinder
42073c02.dat,13,36,0,cylinder
4209.dat,0,17,0,cylinder;generic
42092.dat,8,24,0,cylinder
42093.dat,8,24,0,cylinder
4209a.dat,13,17,0,cylinder;generic
4209ap01.dat,13,17,0,cylinder;generic
4209ap02.dat,13,17,0,cylinder;generic
4209ap05.dat,13,17,0,cylinder;generic
4209ap70.dat,13,17,0,cylinder;generic
4209b.dat,0,16,0,cylinder
4209p01.dat,0,17,0,cylinder;generic
4209p05.dat,0,17,0,cylinder;generic
4209p70.dat,0,17,0,cylinder;generic
4210633.dat,0,3,0,cylinder
4210698.dat,2,4,0,cylinder
4211.dat,31,35,0,cylinder
4211044.dat,2,4,0,cylinder
4211063.dat,0,5,0,cylinder
4211069.dat,2,2,0,cylinder;clip
4211119.dat,0,5,0,cylinder
4211152.dat,3,8,0,cylinder
4211385.dat,0,16,0,cylinder
4211388.dat,2,5,0,cylinder
4211395.dat,8,16,0,cylinder
4211396.dat,6,12,0,cylinder
4211477.dat,4,5,0,cylinder
42114c01.dat,2,6,0,cylinder
42114c02.dat,3,7,0,cylinder
4211536.dat,1,2,0,cylinder
4211550.dat,1,2,0,cylinder
4211573.dat,0,1,0,cylinder
4211622.dat,0,1,0,cylinder
4211815.dat,1,2,0,cylinder
4212.dat,28,72,0,cylinder
4212454.dat,2,4,0,cylinder
4212a.dat,38,76,0,cylinder
4212b.dat,52,72,0,cylinder
4213.dat,9,21,0,cylinder;fingers
4214921.dat,0,13,0,cylinder
4215.dat,4,15,0,cylinder
4215ad01.dat,0,11,0,cylinder
4215ad02.dat,0,11,0,cylinder
4215ad03.dat,0,11,0,cylinder
4215ad04.dat,0,11,0,cylinder
4215ad06.dat,0,11,0,cylinder
4215bd01.dat,4,15,0,cylinder
4215bd02.dat,4,15,0,cylinder
4215p01.dat,0,11,0,cylinder
4215p02.dat,0,11,0,cylinder
4215p03.dat,0,11,0,cylinder
4215p04.dat,0,11,0,cylinder
4215p05.dat,0,11,0,cylinder
4215p06.dat,0,11,0,cylinder
4215p07.dat,0,11,0,cylinder
4215p24.dat,0,11,0,cylinder
4215p66.dat,0,11,0,cylinder
4215p77.dat,0,11,0,cylinder
4216384.dat,1,1,0,cylinder
4216695.dat,5,9,0,cylinder
4218.dat,0,4,0,cylinder
4218868.dat,0,1,0,cylinder
4219.dat,0,2,0,cylinder
4220ac01.dat,6,7,0,fingers;cylinder;clip
4221774.dat,7,11,0,cylinder
4221858.dat,0,13,0,cylinder
4221886.dat,0,13,0,cylinder
4222693.dat,0,13,0,cylinder
4223.dat,0,4,0,cylinder
4223189.dat,2,3,0,cylinder
4224792.dat,1,2,0,cylinder
4225787.dat,0,13,0,cylinder
4226869.dat,0,13,0,cylinder
4226995.dat,0,5,0,cylinder
42284.dat,0,4,0,cylinder
42288.dat,6,18,0,cylinder
42289.dat,6,18,0,cylinder
4229.dat,2,10,0,cylinder
4231.dat,1,9,0,cylinder
4234.dat,0,16,0,cylinder
4234927.dat,11,15,0,cylinder
4234932.dat,11,15,0,cylinder
4237.dat,26,34,0,cylinder;generic
4238.dat,1,13,0,cylinder;generic
4240416.dat,0,6,0,cylinder;clip
4243824.dat,16,32,0,cylinder
4244362.dat,0,1,0,cylinder
42445.dat,4,9,0,cylinder
4247772.dat,2,4,0,cylinder
425.dat,16,446,0,cylinder
4253.dat,0,16,0,cylinder
42534.dat,64,128,0,cylinder
4253c01.dat,0,16,0,cylinder
42545p02.dat,0,6,0,cylinder
42545p04.dat,0,6,0,cylinder
4256738.dat,17,41,0,cylinder
4259.dat,0,4,0,cylinder
42590.dat,0,15,0,cylinder
425p01.dat,16,446,0,cylinder
425p02.dat,16,446,0,cylinder
42603.dat,16,32,0,cylinder
42604.dat,30,94,0,cylinder
42607.dat,3,79,0,cylinder
42609.dat,7,155,0,cylinder
4261453.dat,1,2,0,cylinder
4265c.dat,0,1,0,cylinder
4268.dat,572,572,0,cylinder
4270181.dat,0,2,0,cylinder
42716c01.dat,0,1,0,cylinder
4277932.dat,2,13,0,cylinder
4277933.dat,2,13,0,cylinder
4285.dat,5,9,0,cylinder
42853.dat,0,18,0,cylinder
42862.dat,7,10,0,cylinder
428621.dat,3,4,0,cylinder
42862d01.dat,0,10,0,cylinder
4286dy0.dat,3,4,0,cylinder
4286dy1.dat,3,4,0,cylinder
4287707.dat,0,20,0,cylinder
4287708.dat,0,20,0,cylinder
4288960.dat,2,3,0,cylinder
4289538.dat,0,2,0,clip;cylinder
42908.dat,0,18,0,cylinder
42936.dat,57,83,0,cylinder
42938.dat,38,42,0,cylinder
4298609.dat,0,2,0,cylinder;fingers
43.dat,0,2,0,clip
43045.dat,1,7,0,cylinder
43056.dat,1,5,0,cylinder
43056c01.dat,2,16,0,cylinder
43085.dat,58,78,0,cylinder
43086.dat,54,70,0,cylinder
43097-f1.dat,3,7,0,cylinder
43097-f2.dat,3,7,0,cylinder
43121.dat,13,29,0,cylinder
43122.dat,0,1,0,cylinder
43127.dat,12,24,0,cylinder
4315.dat,5,12,0,cylinder;fingers
432.dat,0,4,0,cylinder
43337.dat,4,7,0,cylinder
4336.dat,0,12,0,cylinder
4343c01.dat,0,4,0,cylinder
4343c02.dat,0,4,0,cylinder
43446.dat,20,28,0,cylinder
4345.dat,0,13,0,fingers;cylinder
43450.dat,0,5,0,cylinder
4345ap03.dat,5,9,0,fingers;cylinder
4345bp03.dat,5,13,0,fingers;cylinder
4347c01.dat,4,11,0,cylinder
4347c01d08.dat,0,11,0,cylinder
43560.dat,0,134,0,cylinder
43561.dat,0,134,0,cylinder
43562.dat,0,134,0,cylinder
4362a.dat,0,48,0,cylinder
4362ac01.dat,0,52,0,cylinder
43719.dat,11,15,0,cylinder
43750.dat,0,1,0,cylinder
43750p01.dat,0,1,0,cylinder
43755.dat,0,1,0,cylinder
43802.dat,64,128,0,cylinder
43936.dat,0,8,0,cylinder
43936p01.dat,0,8,0,cylinder
43979.dat,116,235,0,cylinder
43p01.dat,0,2,0,clip
43ps1.dat,0,2,0,clip
44041.dat,128,256,0,cylinder
44042.dat,24,48,0,cylinder
44237.dat,12,24,0,cylinder
4424.dat,6,10,0,cylinder
44293.dat,0,1,0,cylinder
44302a.dat,3,5,1,cylinder
44302b.dat,3,5,1,cylinder
44336.dat,0,384,0,cylinder
44336p02.dat,0,384,0,cylinder
44336p03.dat,0,384,0,cylinder
44336p04.dat,0,384,0,cylinder
44341.dat,0,264,0,cylinder
44341p01.dat,0,264,0,cylinder
44341p02.dat,0,264,0,cylinder
44342.dat,23,501,0,cylinder
44342p02.dat,3,501,0,cylinder
44343.dat,0,144,0,cylinder
44343p01.dat,0,144,0,cylinder
44343p02.dat,0,144,0,cylinder
44343p03.dat,0,144,0,cylinder
44375.dat,0,14,0,cylinder
44375a.dat,6,14,0,cylinder
44375aps1.dat,6,14,0,cylinder
44375aps2.dat,6,14,0,cylinder
44375aps3.dat,6,14,0,cylinder
44375b.dat,6,10,0,cylinder
44375bp01.dat,6,10,0,cylinder
44375bp03.dat,6,10,0,cylinder
44375bpa0.dat,6,10,0,cylinder
44375bps0.dat,6,10,0,cylinder
44375bps1.dat,6,10,0,cylinder
44375bps2.dat,6,10,0,cylinder
44375p01.dat,0,14,0,cylinder
44375p02.dat,0,14,0,cylinder
4445d01.dat,16,24,0,cylinder
4445d02.dat,16,24,0,cylinder
44486.dat,0,38,0,cylinder
4449-f1d01.dat,0,1,0,cylinder
445.dat,0,2,0,cylinder
44511.dat,9,10,0,cylinder
4452.dat,40,52,0,cylinder
44567a.dat,3,5,1,cylinder
44567b.dat,3,5,1,cylinder
44571.dat,12,20,2,cylinder
44572.dat,0,8,2,cylinder
44590.dat,12,21,0,cylinder
446.dat,0,2,0,cylinder
4460.dat,0,4,0,cylinder
4461.dat,16,20,0,cylinder
44665.dat,32,56,0,cylinder
44670.dat,8,24,0,cylinder
44674.dat,5,9,0,cylinder
4468.dat,0,6,0,cylinder
447.dat,1,5,0,cylinder
4475.dat,22,50,0,cylinder
44772c01.dat,0,1,0,cylinder
44772c02.dat,0,1,0,cylinder
4478.dat,18,712,0,cylinder
4478p01.dat,18,712,0,cylinder
4478p02.dat,18,712,0,cylinder
4478p03.dat,18,712,0,cylinder
4478p04.dat,18,712,0,cylinder
447c01.dat,2,6,0,cylinder
448.dat,0,392,0,cylinder
4480c02.dat,0,2,1,generic
4480c03.dat,0,2,1,generic
4480c04.dat,4,7,2,generic;cylinder
44865.dat,4,6,0,cylinder
4486c01.dat,1,3,0,cylinder
4486c02.dat,1,3,0,cylinder
4488.dat,6,11,0,cylinder
44882.dat,0,2,0,cylinder
4489.dat,0,1,0,cylinder
448p01.dat,0,392,0,cylinder
448p02.dat,0,392,0,cylinder
4490.dat,2,5,0,cylinder
4490p90.dat,2,5,0,cylinder
4491a.dat,3,5,1,cylinder
4491b.dat,4,6,1,cylinder;clip
4493c00.dat,0,11,1,cylinder;generic
4493c01.dat,0,11,1,cylinder;generic
4493c02.dat,0,11,1,cylinder;generic
4493c03.dat,0,11,1,cylinder;generic
4493c04.dat,0,11,1,cylinder;generic
4493pw1c00.dat,0,11,1,cylinder;generic
4493pw2c00.dat,0,11,1,cylinder;generic
4494c01.dat,0,11,0,cylinder;generic
4494pw1c01.dat,0,11,0,cylinder;generic
4494pw2c01.dat,0,11,0,cylinder;generic
4495.dat,2,3,0,cylinder
449521.dat,0,3,0,cylinder
4495b.dat,2,3,0,cylinder
4497946.dat,3,4,0,cylinder
45.dat,1,3,0,cylinder;generic
4501575.dat,17,41,0,cylinder
4504369.dat,0,1,0,cylinder
4504371.dat,0,1,0,cylinder
4506697.dat,2,3,0,cylinder
4506c01.dat,2,3,0,cylinder
4508c01.dat,1,5,1,cylinder
4515d01.dat,0,48,0,cylinder
4515d02.dat,0,48,0,cylinder
4515dx0.dat,0,48,0,cylinder
45176.dat,10,14,0,cylinder
4517925.dat,1,3,0,cylinder;clip
4520782.dat,5,7,0,cylinder
4521166.dat,0,5,0,cylinder
4521852.dat,4,6,0,cylinder
4524903.dat,0,1,0,cylinder
4526562.dat,0,1,0,cylinder
453.dat,0,12,0,cylinder
45301.dat,46,54,0,cylinder
4532.dat,10,16,0,cylinder;fingers;generic
45337.dat,10,28,0,cylinder
4534.dat,14,18,0,cylinder;fingers;generic
45341.dat,6,142,0,cylinder
45360c01.dat,8,22,0,cylinder
45361.dat,8,12,0,cylinder
4538.dat,8,24,0,cylinder
4538781.dat,0,13,0,cylinder
4538782.dat,0,7,0,cylinder
4539364.dat,0,24,0,cylinder
453ac01.dat,4,8,0,cylinder
453bc01.dat,4,12,0,cylinder
453cc01.dat,4,12,0,cylinder
45406.dat,0,8,1,cylinder
45407.dat,20,36,0,cylinder
45410.dat,58,82,0,cylinder
45411.dat,43,67,2,cylinder
45417.dat,2,4,0,cylinder
4542272.dat,0,5,0,cylinder
45505.dat,0,8,0,cylinder
45601.dat,0,50,0,cylinder;generic
45601c01.dat,0,50,0,cylinder;generic
45601p01.dat,0,50,0,cylinder;generic
45601p02.dat,0,50,0,cylinder;generic
45677d01.dat,16,19,0,cylinder
45706.dat,2,6,0,cylinder
4570662.dat,0,1,0,cylinder
45706p01.dat,2,6,0,cylinder
45729.dat,0,14,0,cylinder
4582471.dat,0,5,0,cylinder
4585.dat,6,8,0,cylinder
4585450.dat,0,1,0,cylinder
4587.dat,3,5,1,cylinder
4590.dat,7,9,0,cylinder
4599.dat,2,4,0,cylinder
459923.dat,0,4,0,cylinder
459a.dat,32,64,0,cylinder
459b.dat,35,67,0,cylinder;generic
4600.dat,6,10,0,cylinder
4607.dat,64,88,0,cylinder
461.dat,5,6,0,cylinder
4612.dat,18,30,0,cylinder
4613.dat,6,40,0,cylinder
4613c01.dat,0,40,0,cylinder
4614c01-f1.dat,0,2,0,cylinder
4614c01-f2.dat,0,2,0,cylinder
4615.dat,0,2,0,cylinder
4616992.dat,0,160,0,cylinder
4616a.dat,13,17,0,cylinder
4616ac01.dat,13,17,0,cylinder
4616b.dat,13,17,0,cylinder
4618.dat,1,3,0,cylinder
4618c01.dat,4,6,0,cylinder
46218.dat,12,16,0,cylinder
46224c01.dat,8,18,0,cylinder
4623.dat,3,6,0,cylinder
4625.dat,5,8,0,cylinder;fingers
4626.dat,4,8,0,cylinder;fingers
4629916.dat,0,10,0,cylinder
4629c01.dat,12,15,0,cylinder;fingers
4629c02.dat,11,14,1,cylinder;fingers
4629down.dat,0,15,0,cylinder;fingers
4633881.dat,0,5,0,cylinder
46342.dat,0,28,0,cylinder
46361.dat,0,13,0,cylinder
464.dat,0,8,0,cylinder
46481.dat,0,15,0,cylinder
46490c01.dat,0,7,0,cylinder
46490c02.dat,0,4,0,cylinder
46506.dat,0,4,0,cylinder
4650624.dat,0,5,0,cylinder
46524.dat,8,12,0,cylinder
46530.dat,1,25,0,cylinder;generic
46564.dat,0,4,0,cylinder
4672.dat,0,96,0,cylinder
4672a.dat,32,96,0,cylinder
4672b.dat,32,96,0,cylinder
4688.dat,4,19,0,cylinder
469.dat,0,1,0,clip
4692c01.dat,11,27,0,cylinder
4694c01-f1.dat,6,11,0,cylinder
4694c01-f2.dat,5,10,1,cylinder
4694c01-f3.dat,5,10,1,cylinder
4694c01.dat,0,11,0,cylinder
47.dat,2,6,0,cylinder
470.dat,0,1,0,clip
4707.dat,82,114,0,cylinder
4707c01.dat,0,114,0,cylinder
4707c02.dat,0,114,0,cylinder
4707c03.dat,0,114,0,cylinder
470p01.dat,0,1,0,clip
47116.dat,328,600,0,cylinder
47122.dat,70,110,0,cylinder
4714.dat,16,24,0,cylinder;fingers
47154c01.dat,18,38,0,cylinder
47155.dat,16,20,0,cylinder
4719c03.dat,3,5,4,cylinder;fingers
47222.dat,3,5,0,cylinder
47223a-f1.dat,4,6,0,cylinder
47223a-f2.dat,3,5,1,cylinder
47223a-f3.dat,3,5,1,cylinder
47223a.dat,0,6,0,cylinder
47223d-f1.dat,4,6,0,cylinder
47223d-f2.dat,3,5,1,cylinder
47223d-f3.dat,3,5,1,cylinder
47224c01-f1.dat,3,4,0,cylinder
47224c01-f2.dat,3,4,0,cylinder
47224c01.dat,0,4,0,cylinder
47224c02.dat,0,4,0,cylinder
4730.dat,6,10,0,cylinder
47306.dat,4,8,0,cylinder;generic
4732.dat,24,36,0,cylinder
47326.dat,0,2,0,cylinder
47326p01.dat,0,2,0,cylinder
47326p02.dat,0,2,0,cylinder
47326p03.dat,0,2,0,cylinder
47376.dat,145,252,0,cylinder
47404.dat,22,65,0,cylinder
47405.dat,60,120,0,cylinder
47406.dat,22,30,0,cylinder
4743.dat,12,28,0,cylinder
47431.dat,9,17,0,cylinder
47432.dat,15,23,0,cylinder
4744.dat,8,12,0,cylinder
4744p01.dat,8,12,0,cylinder
4744p02.dat,8,12,0,cylinder
4744p03.dat,8,12,0,cylinder
4744p04.dat,8,12,0,cylinder
4744p05.dat,8,12,0,cylinder
4744p06.dat,8,12,0,cylinder
4744p07.dat,8,12,0,cylinder
4744p0c.dat,8,12,0,cylinder
47452.dat,8,16,0,cylinder
47454.dat,15,23,0,cylinder
4746.dat,13,21,0,cylinder
4747.dat,9,17,0,cylinder
4748.dat,11,19,0,cylinder
47506.dat,9,21,0,cylinder
47507.dat,6,60,0,cylinder
4751.dat,0,4,0,cylinder
4751a.dat,0,4,0,cylinder
4751b.dat,0,4,0,cylinder
47543.dat,10,25,0,cylinder
47592.dat,0,6,0,cylinder
47592c01.dat,0,7,0,cylinder;generic
4760c01.dat,32,66,0,cylinder
4760p01c01.dat,32,66,0,cylinder
4760p02c01.dat,32,66,0,cylinder
47643.dat,0,21,2,cylinder
4767.dat,0,3,0,cylinder
47674c01.dat,10,75,0,cylinder
47675.dat,3,7,0,cylinder
47676.dat,6,10,0,cylinder
4771.dat,0,8,0,cylinder
47715.dat,14,39,0,cylinder
47720.dat,7,11,0,cylinder
4774c01.dat,4,8,0,cylinder
47753d01.dat,0,8,0,cylinder
4779.dat,2,14,0,cylinder;generic
4782.dat,18,22,0,cylinder
4783.dat,0,4,0,cylinder
4784.dat,0,8,0,cylinder
47843.dat,12,16,1,cylinder
47846.dat,29,57,0,cylinder
47855.dat,46,62,0,cylinder
4789.dat,0,20,0,cylinder
47899c01.dat,2,4,0,cylinder
47899c03.dat,2,4,0,cylinder
47899c04.dat,2,4,0,cylinder
4789c01.dat,0,20,0,cylinder
4793.dat,1,47,1,clip;cylinder
4796.dat,20,52,0,cylinder
4796c01.dat,20,56,0,cylinder
47974.dat,41,53,0,cylinder
47976.dat,36,180,0,cylinder
47978.dat,29,75,1,cylinder;generic
47991.dat,2,73,0,cylinder
47998.dat,18,34,0,clip;cylinder
48.dat,0,2,0,cylinder
48002.dat,1,18,0,cylinder
48085.dat,3,15,0,generic;cylinder
48147.dat,29,55,2,cylinder
48165.dat,7,10,0,cylinder
48165d01.dat,0,10,0,cylinder
48169.dat,6,14,0,cylinder
48170.dat,7,15,0,cylinder
48171.dat,7,15,0,cylinder
48172.dat,7,15,0,cylinder
48183.dat,9,13,0,cylinder
48205.dat,15,27,0,cylinder
48208.dat,15,27,0,cylinder
4823.dat,20,60,0,cylinder
4823c01.dat,20,60,0,cylinder
4823c02.dat,20,60,0,cylinder
48288p04.dat,0,80,0,cylinder
48336.dat,4,6,0,cylinder
4841.dat,4,82,3,cylinder;clip
4844.dat,14,39,0,cylinder
4844a.dat,13,37,0,cylinder
4844b.dat,15,39,0,cylinder
48454.dat,0,15,0,cylinder
4854.dat,16,24,8,cylinder
4855.dat,11,13,0,cylinder
4856.dat,18,24,2,cylinder
4857.dat,13,21,0,cylinder;fingers
4858d01.dat,0,10,0,cylinder
4859.dat,5,9,0,cylinder
4860.dat,0,10,0,cylinder
4864.dat,0,7,0,cylinder
4864apt3.dat,3,5,0,cylinder
4864apt4.dat,3,5,0,cylinder
4864apt5.dat,3,5,0,cylinder
4864p33.dat,0,7,0,cylinder
4864p34.dat,0,7,0,cylinder
4864p35.dat,0,5,0,cylinder
4864p66.dat,0,5,0,cylinder
4864p89.dat,0,5,0,cylinder
4865.dat,0,3,0,cylinder
4865bdx0.dat,0,3,0,cylinder
4865d01.dat,0,3,0,cylinder
4865d02.dat,0,3,0,cylinder
4865p01.dat,0,3,0,cylinder
4865p02.dat,0,3,0,cylinder
4865p06.dat,0,3,0,cylinder
4865p18.dat,0,3,0,cylinder
4867.dat,21,29,0,cylinder
4867d01.dat,10,29,0,cylinder
4867d02.dat,10,29,0,cylinder
4867p10.dat,11,19,0,cylinder
4867p11.dat,11,19,0,cylinder
4867p12.dat,11,19,0,cylinder
4867p13.dat,11,19,0,cylinder
4867p14.dat,11,19,0,cylinder
4868.dat,0,5,0,cylinder
4868a.dat,1,5,0,cylinder
4868ad01.dat,0,5,0,cylinder
4868ad02.dat,0,5,0,cylinder
4868b.dat,1,9,0,cylinder
4870.dat,2,10,0,cylinder
4871.dat,8,12,4,cylinder
4874.dat,4,20,0,cylinder
4874c01.dat,0,20,0,cylinder
48933ps1.dat,13,13,0,cylinder
49059.dat,0,304,0,cylinder
49097.dat,3,7,0,cylinder
49242p01.dat,0,8,0,cylinder
49242p01c01.dat,0,16,0,cylinder
49283.dat,0,1,0,cylinder
49294c01.dat,0,1,0,cylinder
49311.dat,6,10,0,cylinder
49311ps0.dat,6,10,0,cylinder
49649.dat,0,8,0,cylinder
49649c01.dat,2,10,0,cylinder
49673.dat,1,2,0,cylinder
49699.dat,8,19,0,cylinder
497.dat,0,5,0,cylinder
49743.dat,17,42,0,cylinder;generic
497c01.dat,1,5,0,cylinder
49949.dat,61,117,4,cylinder
5.dat,0,2,0,cylinder
50.dat,2,3,0,cylinder;generic
50003.dat,0,5,0,cylinder
50163.dat,2,14,0,cylinder
501a.dat,13,21,0,cylinder
501ac01.dat,4,21,0,cylinder
501b.dat,15,23,0,cylinder
501bc01.dat,6,23,0,cylinder
501c.dat,15,23,0,cylinder
501cc01.dat,6,23,0,cylinder
503.dat,3,7,0,cylinder;generic
50304.dat,18,33,0,cylinder
50305.dat,18,33,0,cylinder
50340.dat,3,5,1,cylinder
50373.dat,8,12,0,cylinder
50384.dat,0,92,0,cylinder
503c01.dat,0,7,0,cylinder;generic
5065.dat,12,28,0,cylinder
5066.dat,7,9,0,cylinder
50745.dat,3,7,0,cylinder
50746.dat,0,1,0,cylinder
50859ac01.dat,0,4,0,cylinder
50859bc01.dat,0,4,0,cylinder
50860c01.dat,0,4,0,cylinder
509.dat,9,17,0,cylinder;clip
5090.dat,4,28,0,cylinder
50925.dat,10,12,0,cylinder
50944c01.dat,0,1,0,cylinder
50947d01.dat,0,3,0,cylinder
50955.dat,22,24,0,cylinder
50955p01.dat,22,24,0,cylinder
50955p02.dat,22,24,0,cylinder
50956.dat,22,24,0,cylinder
50956p01.dat,22,24,0,cylinder
50956p02.dat,22,24,0,cylinder
50990.dat,0,13,0,cylinder
50990a.dat,5,13,0,cylinder
50990b.dat,5,9,0,cylinder
509c01-f1.dat,9,17,0,cylinder;clip
509c01-f2.dat,9,17,0,cylinder;clip
510.dat,6,42,0,cylinder
511c01.dat,2,4,0,cylinder
513.dat,2,12,0,cylinder
51352.dat,9,17,0,cylinder;generic
51353.dat,8,16,0,cylinder;generic
51373.dat,0,13,0,cylinder
51523.dat,0,5,0,cylinder
51542.dat,0,820,0,cylinder
51542dq0.dat,0,820,0,cylinder
51560-f1.dat,0,8,0,generic;cylinder
51560-f2.dat,0,8,0,generic;cylinder
51595.dat,18,128,0,cylinder
51595p01.dat,18,128,0,cylinder
51595p02.dat,18,128,0,cylinder
51595p03.dat,18,128,0,cylinder
51719.dat,0,1,0,cylinder
51719c01.dat,0,1,0,cylinder
51739.dat,7,11,0,cylinder
5175.dat,0,16,0,cylinder
51858.dat,6,8,1,cylinder
52031d01.dat,24,31,0,cylinder
52031d02.dat,24,31,0,cylinder
52031d50.dat,24,31,0,cylinder
52031d51.dat,24,31,0,cylinder
52035.dat,10,14,0,cylinder
52035c01.dat,0,18,0,cylinder
52036.dat,22,60,0,cylinder
52037.dat,119,176,0,cylinder
52038.dat,11,17,0,cylinder
52040.dat,160,336,0,cylinder
52041.dat,28,76,0,cylinder
52214.dat,12,16,0,cylinder
52215.dat,0,14,0,cylinder
52216.dat,0,14,0,cylinder
52258.dat,2,33,0,cylinder;generic
52258p01c01.dat,37,78,8,cylinder;generic
52394.dat,1,2,0,cylinder
5258.dat,10,15,0,cylinder;clip
5259.dat,4,7,0,cylinder
5260.dat,4,7,0,cylinder
52639.dat,1,3,0,cylinder
52668.dat,0,92,6,cylinder
52901.dat,0,1,0,cylinder
53029.dat,5,9,1,cylinder
5306.dat,0,8,0,cylinder
53400.dat,14,58,0,cylinder;generic
53400c04.dat,0,232,0,cylinder;generic
53401.dat,10,54,0,cylinder
53450c01.dat,3,7,0,cylinder
53452.dat,68,268,0,cylinder
53527.dat,0,4,0,cylinder
53528.dat,0,1,0,cylinder
53540.dat,4,7,0,cylinder
53586.dat,2,3,0,cylinder
53787.dat,0,23,0,cylinder;generic
53788.dat,7,59,0,cylinder;generic
53788c01.dat,7,59,0,cylinder;generic
53793.dat,0,5,0,cylinder;generic
53793c01.dat,0,5,0,cylinder;generic
53914.dat,6,17,2,cylinder
53933.dat,0,5,0,cylinder
53933p01.dat,1,5,0,cylinder
53934p01c01.dat,0,11,0,cylinder
54090.dat,51,87,0,cylinder
54091.dat,88,112,0,cylinder
54092.dat,13,19,0,cylinder
54092p01.dat,7,13,0,cylinder
54092p01c01.dat,0,13,0,cylinder
54092p02.dat,7,13,0,cylinder
54092p02c01.dat,0,13,0,cylinder
54093.dat,204,284,0,cylinder
54094.dat,24,32,0,cylinder
54094p01.dat,24,32,0,cylinder
54095.dat,54,66,0,cylinder
54096.dat,44,56,0,cylinder
54101.dat,0,534,0,cylinder
54196.dat,0,7,0,cylinder
54200d01.dat,0,1,0,cylinder
54200d02.dat,0,1,0,cylinder
54200d03.dat,0,1,0,cylinder
54200d04.dat,0,1,0,cylinder
54200dy0.dat,0,1,0,cylinder
54200dy1.dat,0,1,0,cylinder
54200dy2.dat,0,1,0,cylinder
54200dy3.dat,0,1,0,cylinder
5426.dat,0,2,0,cylinder
54383.dat,16,20,0,cylinder
54384.dat,16,20,0,cylinder
54562.dat,10,54,0,cylinder
54654c01.dat,8,104,0,cylinder
54654c02.dat,8,104,0,cylinder
54654c03.dat,8,104,0,cylinder
54654c04.dat,8,104,0,cylinder
54654c05.dat,8,104,0,cylinder
54654c06.dat,8,104,0,cylinder
54654c06d01.dat,0,104,0,cylinder
54657.dat,3,5,1,cylinder
54672.dat,2,5,1,cylinder
54675.dat,0,37,0,cylinder
54675c01.dat,0,38,0,cylinder;generic
54696.dat,0,23,0,cylinder
54696c01.dat,0,24,0,cylinder;generic
54696p01.dat,0,23,0,cylinder
54696p01c01.dat,0,24,0,cylinder;generic
54696p02.dat,0,23,0,cylinder
54696p02c01.dat,0,24,0,cylinder;generic
54701.dat,27,81,0,cylinder
54701p01.dat,27,81,0,cylinder
54701p01c01.dat,8,104,0,cylinder
54702.dat,11,23,0,cylinder
54714.dat,3,6,0,cylinder
54715c01.dat,4,13,0,cylinder;generic
54725.dat,4,5,0,cylinder
54725c01.dat,8,10,0,cylinder
54734.dat,0,26,0,cylinder
54779.dat,0,534,0,cylinder
54779c01.dat,0,534,0,cylinder
54779c02.dat,0,534,0,cylinder
54802.dat,0,55,0,cylinder
54824.dat,0,12,0,generic;cylinder
54869.dat,0,13,0,cylinder
54870.dat,0,17,0,cylinder
54923c01.dat,6,19,0,cylinder
54923c02.dat,6,19,0,cylinder
54923c02d01.dat,0,19,0,cylinder
54929.dat,2,6,0,cylinder
54929c01.dat,6,12,0,cylinder
550.dat,3,5,0,cylinder
551.dat,0,16,0,cylinder
55167.dat,0,104,0,cylinder
55172.dat,0,13,0,cylinder
5518.dat,5,7,0,cylinder
551ps1.dat,0,16,0,cylinder
55205.dat,0,8,0,cylinder
55205c01.dat,8,16,0,cylinder
553.dat,0,6,0,cylinder
55358.dat,0,13,0,cylinder
553ps1.dat,0,6,0,cylinder
553ps2.dat,0,6,0,cylinder
554.dat,1,3,0,cylinder
55423.dat,0,1,0,cylinder
55525.dat,2,3,0,cylinder
55529.dat,0,2,0,clip;cylinder
55539.dat,0,94,0,cylinder
55804.dat,0,2,0,generic
55805.dat,0,2,0,generic
55806.dat,0,2,0,generic
559c01.dat,2,10,0,cylinder
559c02.dat,2,10,0,cylinder
560.dat,0,62,0,cylinder
56074.dat,16,32,0,cylinder
56074p01.dat,16,32,0,cylinder
56145c01.dat,0,1,0,cylinder
56145c02.dat,0,1,0,cylinder
561c01.dat,68,132,0,cylinder
564.dat,12,48,0,cylinder
564c01.dat,48,96,0,cylinder
564c02.dat,48,96,0,cylinder
56640.dat,0,2,0,cylinder
56641.dat,0,2,0,cylinder
568.dat,0,1,0,cylinder
56902c01.dat,0,1,0,cylinder
56903c01.dat,0,1,0,cylinder
56904c01.dat,0,1,0,cylinder
57.dat,4,5,0,cylinder
570.dat,11,15,0,cylinder
571.dat,1,9,0,cylinder
5712.dat,6,13,0,cylinder
572.dat,35,51,0,cylinder
572c01.dat,2,4,0,cylinder
572c02.dat,2,4,0,cylinder
57518c01.dat,2,7,0,cylinder;clip
57783.dat,6,9,0,cylinder
57786.dat,0,694,0,cylinder
579.dat,6,48,0,cylinder
57908.dat,7,11,0,cylinder;generic
57909.dat,12,12,0,cylinder;generic
57910.dat,4,8,2,cylinder;generic
579c01.dat,40,88,0,cylinder
579c02.dat,40,88,0,cylinder
579c03.dat,0,108,0,cylinder
579p01.dat,6,48,0,cylinder
579p01c01.dat,40,88,0,cylinder
579p01c02.dat,40,88,0,cylinder
579p01c03.dat,0,108,0,cylinder
581.dat,4,44,0,cylinder
58119.dat,21,44,0,cylinder;generic
58120c01.dat,0,25,0,cylinder;generic
58121c01.dat,0,19,0,cylinder;generic
58122.dat,32,52,0,cylinder
58123.dat,18,32,0,cylinder;generic
58123p01.dat,18,32,0,cylinder;generic
58124c01.dat,3,7,0,cylinder;generic
58124c02.dat,4,7,0,cylinder;generic
58124c03.dat,3,4,0,cylinder;generic
58135c01.dat,32,50,0,cylinder
58148c01.dat,18,32,0,cylinder;generic
58148p01c01.dat,18,32,0,cylinder;generic
58177.dat,3,4,0,cylinder
581c01.dat,0,92,0,cylinder
581c02.dat,0,92,0,cylinder
585.dat,0,1,0,cylinder
58572.dat,2,3,0,cylinder
586c01.dat,18,30,0,cylinder
586c02.dat,18,30,0,cylinder
58846.dat,65,69,0,cylinder
590.dat,0,17,0,cylinder
59141.dat,1,3,0,cylinder;generic
59195.dat,15,27,0,cylinder
59349.dat,11,23,0,cylinder
59349p01.dat,11,23,0,cylinder
59349p02.dat,11,23,0,cylinder
59349pa0.dat,11,23,0,cylinder
59349ph1.dat,11,23,0,cylinder
59349ph2.dat,11,23,0,cylinder
59349pm0.dat,11,23,0,cylinder
59350.dat,0,23,0,cylinder
593c01.dat,0,64,0,cylinder
59489.dat,0,2,0,cylinder
59858.dat,1,2,0,cylinder
6002.dat,14,18,0,cylinder
6003.dat,37,62,0,cylinder
60032.dat,4,8,0,cylinder;generic
60033.dat,48,96,0,cylinder
60125.dat,0,17,0,cylinder
6014c01.dat,0,2,0,cylinder;generic
6014c02.dat,0,2,0,cylinder;generic
6014c03.dat,0,2,0,cylinder;generic
60169.dat,2,4,0,cylinder
601926.dat,1,3,0,cylinder;clip
6019987.dat,2,5,0,cylinder
602.dat,4,8,0,cylinder
6021.dat,20,36,0,cylinder
60212.dat,10,14,0,cylinder
60219.dat,26,42,0,cylinder
6024.dat,100,512,0,cylinder
6026.dat,4,8,0,cylinder;fingers
6026c01.dat,4,10,0,cylinder;fingers
60288.dat,4,9,0,cylinder
6035.dat,0,5,0,cylinder
60373.dat,8,24,0,cylinder
604.dat,0,18,0,cylinder
6040.dat,6,10,0,cylinder
60470.dat,2,7,0,cylinder;clip
60470b.dat,5,7,0,cylinder;clip
60474.dat,19,27,0,cylinder
60475.dat,1,3,0,clip;cylinder
60478.dat,4,6,0,cylinder
60481.dat,2,5,0,cylinder
60481ady1.dat,2,5,0,cylinder
604a.dat,6,12,0,cylinder
604ac01.dat,6,12,0,cylinder
604b.dat,6,18,0,cylinder
604bc01.dat,6,18,0,cylinder
605.dat,0,4,0,cylinder
6050.dat,10,26,0,cylinder
6051.dat,64,208,4,cylinder
6051c01.dat,30,46,1,cylinder
6051c02.dat,30,46,1,cylinder
6051c03.dat,30,46,1,cylinder
6051c04.dat,30,46,1,cylinder
6053.dat,26,294,0,cylinder
6053c01.dat,18,294,0,cylinder
6053c02.dat,18,294,0,cylinder
6053c03.dat,18,294,0,cylinder
6053c04.dat,18,294,0,cylinder
6054.dat,101,229,0,cylinder
6058.dat,18,28,18,cylinder
60581.dat,4,15,0,cylinder
60581d50.dat,0,15,0,cylinder
60581dm0.dat,0,15,0,cylinder
60581dm1.dat,0,15,0,cylinder
60581dm2.dat,0,15,0,cylinder
60581dm3.dat,0,15,0,cylinder
60581p01.dat,4,15,0,cylinder
60581p02.dat,4,15,0,cylinder
60581p04.dat,4,15,0,cylinder
60581px0.dat,4,15,0,cylinder
60583.dat,1,4,0,cylinder;clip
60592.dat,3,7,0,cylinder;generic
60592c01.dat,3,8,0,cylinder;generic
60593.dat,4,8,0,cylinder;fingers
60593c01.dat,4,8,0,cylinder;fingers
60598.dat,12,20,0,cylinder
60599.dat,12,24,0,cylinder;fingers
6059d01.dat,5,6,0,cylinder
606.dat,8,576,0,cylinder
60603.dat,0,1,0,fingers
6061.dat,3,19,0,cylinder
60616bdx0.dat,1,5,0,cylinder;fingers
6063.dat,56,88,0,cylinder
60634.dat,0,4,0,cylinder
60635.dat,0,1,0,cylinder
60635p01.dat,0,1,0,cylinder
60635p02.dat,0,1,0,cylinder
60635p03.dat,0,1,0,cylinder
60640.dat,0,1,0,cylinder
60643.dat,0,1,0,cylinder
60656.dat,0,14,0,cylinder;generic
6066.dat,21,31,0,cylinder
60671.dat,0,14,1,cylinder
60671p01.dat,0,14,1,cylinder
60671p02.dat,0,14,1,cylinder
60671p03.dat,0,14,1,cylinder
60672.dat,0,1,0,cylinder
60672c01.dat,0,1,0,cylinder
60672c02.dat,0,1,0,cylinder
60672c03p01.dat,0,1,0,cylinder
60673.dat,0,1,0,cylinder
60673c01.dat,0,1,0,cylinder
60673c02.dat,0,1,0,cylinder
60673c03p01.dat,0,1,0,cylinder
6069d02.dat,0,13,0,cylinder
6069d05.dat,0,13,0,cylinder
6069p101.dat,0,13,0,cylinder
606p01.dat,8,576,0,cylinder
606p02.dat,8,576,0,cylinder
606p33.dat,8,576,0,cylinder
607.dat,0,324,0,cylinder
6070.dat,3,5,0,cylinder
6070d50.dat,2,5,0,cylinder
6072.dat,33,51,0,cylinder
60791.dat,4,8,0,cylinder
60797c01.dat,1,3,0,fingers;cylinder
60797c02.dat,1,3,0,fingers;cylinder
60797c03.dat,1,3,0,fingers;cylinder
60797c04.dat,1,3,0,fingers;cylinder
607p01.dat,0,324,0,cylinder
608.dat,4,450,0,cylinder
6080.dat,6,7,0,cylinder
60801.dat,1,4,0,cylinder;clip
60803.dat,0,2,0,fingers
6080c.dat,2,3,0,cylinder
6081d01.dat,8,15,0,cylinder
6081d02.dat,8,15,0,cylinder
6081d04.dat,8,15,0,cylinder
6084.dat,1,5,0,cylinder;fingers
6085.dat,16,31,0,cylinder
6087.dat,16,24,0,cylinder
608p01.dat,4,450,0,cylinder
608p02.dat,4,450,0,cylinder
608p03.dat,4,450,0,cylinder
608p04.dat,4,450,0,cylinder
608p33.dat,4,450,0,cylinder
609.dat,30,657,0,cylinder
6092.dat,14,529,0,cylinder
6092p01.dat,14,529,0,cylinder
60935.dat,0,2,0,cylinder
6098.dat,0,256,0,cylinder
6099.dat,24,240,0,cylinder
6099p01.dat,24,240,0,cylinder
6099p02.dat,24,240,0,cylinder
6099p03.dat,24,240,0,cylinder
6099p04.dat,24,240,0,cylinder
6099p05.dat,24,240,0,cylinder
6099p06.dat,24,240,0,cylinder
6099p07.dat,24,240,0,cylinder
609p01.dat,30,657,0,cylinder
60c01.dat,0,1,0,cylinder
61.dat,0,1,0,cylinder
610.dat,0,512,0,cylinder
6100.dat,16,254,0,cylinder
6100p01.dat,16,254,0,cylinder
6100p02.dat,16,254,0,cylinder
6100p03.dat,16,254,0,cylinder
6100p04.dat,16,254,0,cylinder
6100p05.dat,16,254,0,cylinder
6104.dat,36,56,0,cylinder
6106.dat,28,52,0,cylinder
61068d01.dat,0,8,0,cylinder
61068d02.dat,0,8,0,cylinder
61070.dat,1,3,0,cylinder
61070d01.dat,0,3,0,cylinder
61071d01.dat,1,3,0,cylinder
610p01.dat,0,512,0,cylinder
611.dat,0,256,0,cylinder
61100.dat,0,27,0,cylinder
6116.dat,0,10,0,cylinder
61189c01.dat,2,4,0,cylinder;fingers
61191.dat,6,14,0,cylinder
61199c01.dat,2,4,0,cylinder
611p01.dat,0,256,0,cylinder
612.dat,0,384,0,cylinder
6122c01.dat,4,7,5,cylinder;clip
6122c02.dat,2,6,0,cylinder;clip
6126.dat,3,4,0,cylinder
6128.dat,0,1,0,cylinder
612p01.dat,0,384,0,cylinder
613.dat,22,600,0,cylinder
61345.dat,8,16,1,cylinder;generic
6135.dat,3,4,0,cylinder;generic
6135a.dat,2,3,0,cylinder
6135b.dat,2,3,0,cylinder
613p01.dat,22,600,0,cylinder
61406.dat,3,5,0,cylinder
61406p01.dat,3,5,0,cylinder
61406p02.dat,3,5,0,cylinder
61406p03.dat,3,5,0,cylinder
61406p04.dat,3,5,0,cylinder
61406p05.dat,3,5,0,cylinder
61406p06.dat,3,5,0,cylinder
61406p07.dat,3,5,0,cylinder
61406p08.dat,3,5,0,cylinder
6143.dat,6,10,0,cylinder
6143d01.dat,0,10,0,cylinder
6143d02.dat,0,10,0,cylinder
61485c01.dat,31,44,0,cylinder
61521c01.dat,11,25,0,cylinder
6153.dat,0,24,0,cylinder
6153a.dat,20,24,0,cylinder
6153ap7a.dat,20,24,0,cylinder
6153b.dat,20,24,0,cylinder
6153p7a.dat,0,24,0,cylinder
6154.dat,5,13,0,cylinder
6156.dat,4,8,0,cylinder
6157.dat,3,7,0,cylinder
6159.dat,0,15,0,cylinder
6159a.dat,4,15,0,cylinder
6159c01.dat,4,15,0,cylinder
6160.dat,0,16,0,cylinder;generic
6160a.dat,4,15,0,cylinder
6160c01.dat,5,16,0,cylinder;generic
6160c02.dat,5,16,0,cylinder;generic
6160c03.dat,5,16,0,cylinder;generic
6160c04.dat,5,16,0,cylinder;generic
6161.dat,457,898,0,cylinder
6162.dat,115,234,0,cylinder
61649.dat,0,16,0,cylinder
61678d01.dat,5,7,0,cylinder
61678d02.dat,5,7,0,cylinder
61678d03.dat,5,7,0,cylinder
61678d04.dat,5,7,0,cylinder
61678d05.dat,5,7,0,cylinder
61678d06.dat,5,7,0,cylinder
61678dy0.dat,5,7,0,cylinder
61678dy1.dat,5,7,0,cylinder
61678dy2.dat,5,7,0,cylinder
61678dy3.dat,5,7,0,cylinder
6168a.dat,5,9,0,cylinder
6169.dat,26,44,11,cylinder
6177ph1.dat,32,36,0,cylinder
6177ps1.dat,32,36,0,cylinder
6178.dat,72,94,0,cylinder
6178p01.dat,72,94,0,cylinder
6179.dat,16,20,0,cylinder
6179d01.dat,16,20,0,cylinder
6179d02.dat,16,20,0,cylinder
6179p01.dat,16,20,0,cylinder
6179ps0.dat,16,20,0,cylinder
6179ps1.dat,16,20,0,cylinder
6179ps2.dat,16,20,0,cylinder
6179ps3.dat,16,20,0,cylinder
6179ps4.dat,16,20,0,cylinder
6179ps5.dat,16,20,0,cylinder
6179px0.dat,16,20,0,cylinder
6180.dat,24,36,0,cylinder
6180p01.dat,24,36,0,cylinder
6180p02.dat,24,36,0,cylinder
6180p03.dat,24,36,0,cylinder
6180ps1.dat,24,36,0,cylinder
6180ps2.dat,24,36,0,cylinder
6180ps3.dat,24,36,0,cylinder
6181.dat,34,80,0,cylinder
6188.dat,2,3,0,cylinder
618843.dat,0,3,0,cylinder
61903.dat,4,6,0,cylinder;clip
6191p01d01.dat,0,4,0,cylinder
6191p01d02.dat,0,4,0,cylinder
61927-f1.dat,3,9,0,cylinder
61927-f2.dat,3,9,0,cylinder
61927.dat,0,9,0,cylinder
61927c01.dat,0,9,0,cylinder
61929.dat,12,15,0,cylinder;generic
6197.dat,16,24,0,cylinder
6205.dat,96,122,0,cylinder
6205p01.dat,0,26,0,cylinder
6208.dat,0,8,0,cylinder
6212.dat,40,80,0,cylinder
6213.dat,12,24,0,cylinder
6213p02.dat,12,24,0,cylinder
6214.dat,11,19,0,cylinder
6215.dat,6,10,0,cylinder
6216a.dat,1,34,0,cylinder
6216m.dat,0,36,0,cylinder;generic
6218.dat,6,18,0,cylinder
6219.dat,134,242,0,cylinder
6222.dat,17,41,0,cylinder
6223.dat,5,9,0,cylinder
6225.dat,0,5,0,cylinder
6227.dat,0,6,0,cylinder
62271c01.dat,2,4,0,cylinder
62274.dat,0,2,0,cylinder
62274c01.dat,1,3,0,cylinder
62274c02.dat,0,2,0,cylinder
6228a.dat,0,36,0,cylinder;generic
6229.dat,0,8,0,cylinder
6232.dat,6,10,0,cylinder
6235.dat,12,36,0,cylinder
6238.dat,4,15,0,cylinder
62386.dat,2,4,0,cylinder
6239d01.dat,0,6,0,cylinder
6239d02.dat,0,6,0,cylinder
6239d03.dat,0,6,0,cylinder
6239d04.dat,0,6,0,cylinder
6246a.dat,0,1,0,cylinder
6246d.dat,1,2,0,cylinder
6246e.dat,1,2,0,cylinder;clip
6248.dat,0,4,0,cylinder
6249.dat,2,18,0,cylinder
62500.dat,0,4,0,cylinder
62501c01.dat,6,10,0,cylinder;generic
6253.dat,0,5,0,cylinder
62576.dat,14,29,0,cylinder
6260c01.dat,8,15,5,cylinder;generic;clip
6261.dat,0,885,0,cylinder
62623.dat,0,5,0,fingers;cylinder
6268.dat,0,7,0,cylinder
6268a.dat,0,5,0,cylinder
6268b.dat,0,7,0,cylinder
6270.dat,0,3,0,cylinder
62712.dat,4,8,2,cylinder;generic
6272.dat,4,49,0,cylinder
62743.dat,1,17,0,cylinder
62812.dat,24,124,0,cylinder
62930.dat,0,13,0,cylinder
62931.dat,0,17,0,cylinder
63082.dat,9,13,0,cylinder;generic
63144-f1.dat,0,2,0,cylinder
63144-f2.dat,0,2,0,cylinder
63208.dat,0,5,8,cylinder
63208p01.dat,0,5,8,cylinder
63286.dat,0,2,0,cylinder
63290.dat,0,1,0,cylinder
63322.dat,0,23,0,cylinder
63324.dat,0,11,0,cylinder
63325.dat,3,8,0,cylinder
63326.dat,1,2,0,cylinder
63327.dat,0,5,0,cylinder
63330.dat,0,4,0,cylinder
63333.dat,0,4,0,cylinder
63341.dat,0,6,0,cylinder
63417.dat,6,8,0,cylinder
63521.dat,22,36,0,cylinder;generic
63522.dat,0,16,0,cylinder
63523.dat,0,14,0,cylinder
63565c01.dat,0,17,0,cylinder
6361.dat,16,88,0,cylinder
63710.dat,3,10,3,cylinder;generic;clip
63710p01.dat,3,10,3,cylinder;generic;clip
63864d01.dat,0,5,0,cylinder
63868.dat,4,6,0,cylinder;clip
63869.dat,2,4,0,cylinder
6391.dat,32,64,0,generic;cylinder
63971.dat,5,7,0,cylinder
64.dat,4,6,0,cylinder
64022.dat,0,8,0,cylinder
64022c01.dat,0,8,0,cylinder
64022c02.dat,0,8,0,cylinder
64034.dat,6,14,0,cylinder;generic
64053.dat,0,8,0,cylinder
64060.dat,0,6,0,cylinder
6413.dat,8,16,0,cylinder
64227.dat,0,54,0,cylinder
64228.dat,32,53,0,cylinder;generic
64228c01.dat,32,53,0,cylinder;generic
64288.dat,2,3,0,cylinder
64289.dat,2,10,0,cylinder
64290.dat,2,12,0,cylinder
6431.dat,37,101,0,cylinder;clip
6431c01.dat,42,106,0,cylinder;clip
6431c02.dat,42,106,0,cylinder;clip
64391.dat,1,8,0,cylinder
64391d01.dat,0,8,0,cylinder
64391d02.dat,0,8,0,cylinder
64391d03.dat,0,8,0,cylinder
64393.dat,1,8,0,cylinder
64393d01.dat,0,8,0,cylinder
64393d02.dat,0,8,0,cylinder
64393d03.dat,0,8,0,cylinder
64414.dat,0,4,0,cylinder
64417c01.dat,0,4,0,cylinder
64422.dat,0,4,0,cylinder
64450.dat,2,10,0,cylinder
64452.dat,0,16,0,cylinder;generic
64452p01.dat,0,16,0,cylinder;generic
64452p02.dat,0,16,0,cylinder;generic
64454.dat,12,22,0,cylinder
6446.dat,0,8,0,cylinder
64462.dat,13,21,0,cylinder
645.dat,0,12,0,cylinder
64570.dat,12,36,0,cylinder
64572.dat,0,4,0,cylinder
64573.dat,0,4,0,cylinder
645ac01.dat,0,6,0,cylinder
645bc01.dat,0,12,0,cylinder
645cc01.dat,0,12,0,cylinder
646.dat,0,18,0,cylinder
64634.dat,10,29,0,cylinder
64645.dat,51,75,0,cylinder
64651.dat,85,185,0,cylinder
64680.dat,0,11,0,cylinder
64681d01.dat,1,8,0,cylinder
64681d02.dat,1,8,0,cylinder
64681d03.dat,1,8,0,cylinder
64682.dat,0,11,0,cylinder
64683d01.dat,1,8,0,cylinder
64683d02.dat,1,8,0,cylinder
64683d03.dat,1,8,0,cylinder
646ac01.dat,6,12,0,cylinder
646bc01.dat,6,18,0,cylinder
646cc01.dat,6,18,0,cylinder
6475.dat,0,380,0,cylinder
64776.dat,0,24,0,cylinder
64776p01.dat,0,24,0,cylinder
64778.dat,4,8,0,cylinder;generic
64778p01.dat,4,8,0,cylinder;generic
64779c01.dat,0,12,0,cylinder;generic
64779p01c01.dat,0,12,0,cylinder;generic
6478.dat,0,8,0,cylinder
64780.dat,0,2,0,cylinder
64780p01.dat,0,2,0,cylinder
64780p02.dat,0,2,0,cylinder
648.dat,6,136,0,cylinder
64835c01.dat,0,4,0,cylinder
64835p01c01.dat,0,4,0,cylinder
64835p02c01.dat,0,4,0,cylinder
64867.dat,12,14,0,cylinder
64867p01.dat,12,14,0,cylinder
64867p02.dat,12,14,0,cylinder
64867p03.dat,12,14,0,cylinder
64867p04.dat,12,14,0,cylinder
64871.dat,2,16,0,cylinder
649.dat,0,4,0,cylinder
64951.dat,7,11,0,cylinder
64954.dat,0,106,0,cylinder
65.dat,1,2,0,cylinder
650.dat,0,8,0,cylinder
65067.dat,7,82,0,cylinder
65068.dat,30,61,0,cylinder
65094.dat,0,169,0,cylinder
65094p01.dat,0,169,0,cylinder
650a.dat,0,4,0,cylinder
650b.dat,0,4,0,cylinder
650k01.dat,0,4,0,cylinder
650k02.dat,0,4,0,cylinder
65129.dat,4,12,0,cylinder
65132.dat,0,28,0,cylinder
65133.dat,0,12,0,cylinder
65138.dat,14,18,0,cylinder
65140.dat,0,60,0,cylinder
65141c01.dat,0,1,0,cylinder
65143.dat,0,1,0,cylinder
65143c01.dat,0,1,0,cylinder
65151-f1.dat,0,2,0,cylinder
65151-f2.dat,0,2,0,cylinder
652.dat,6,12,0,cylinder;generic;fingers
65200.dat,4,100,0,cylinder
65202.dat,4,58,0,cylinder
65273.dat,0,8,0,cylinder
652c01.dat,13,25,0,cylinder;generic;fingers
653.dat,6,12,0,cylinder;generic;fingers
6536.dat,1,2,0,cylinder
65422-f1.dat,1,3,0,cylinder
65422-f2.dat,0,3,0,cylinder
65422.dat,1,3,0,cylinder
65426.dat,4,6,0,cylinder
65429.dat,4,6,0,cylinder
6543.dat,21,37,0,cylinder;generic
65486.dat,0,60,0,cylinder
65509.dat,4,12,0,cylinder
6551.dat,0,20,0,cylinder
6551c01.dat,12,20,0,cylinder
6553.dat,1,2,0,cylinder
6554c01.dat,0,4,0,cylinder
6556.dat,9,16,0,cylinder;fingers
65632.dat,2,6,0,cylinder
65633.dat,2,4,0,cylinder
65634.dat,56,162,4,cylinder
65635.dat,4,20,0,cylinder
6564dt0.dat,0,8,0,cylinder
6564dy0.dat,0,8,0,cylinder
6565dt0.dat,0,8,0,cylinder
6565dy0.dat,0,8,0,cylinder
65735.dat,10,39,0,cylinder
6576.dat,32,44,0,cylinder
65781.dat,0,9,0,cylinder
65803.dat,4,304,0,cylinder
6580bc01.dat,0,1,0,cylinder
6584.dat,110,250,0,cylinder
6590.dat,0,1,0,cylinder
6595c01.dat,1,7,0,cylinder
6595c02.dat,1,7,0,cylinder
66155c01.dat,0,1,0,cylinder
66252.dat,2,12,0,clip;cylinder
6625c01.dat,4,8,0,cylinder
6625c02.dat,0,4,0,cylinder
6628.dat,2,3,0,cylinder;generic
6636.dat,6,11,0,cylinder
663626.dat,0,11,0,cylinder
6636d01.dat,0,11,0,cylinder
6636d50.dat,0,11,0,cylinder
6636dm0.dat,0,11,0,cylinder
6636dm1.dat,0,11,0,cylinder
6636p01.dat,6,11,0,cylinder
6636p02.dat,6,11,0,cylinder
6636p03.dat,6,11,0,cylinder
6636p04.dat,6,11,0,cylinder
6636p05.dat,6,11,0,cylinder
6636p06.dat,6,11,0,cylinder
6636p07.dat,6,11,0,cylinder
6636p08.dat,6,11,0,cylinder
6636p09.dat,6,11,0,cylinder
6636p0a.dat,6,11,0,cylinder
6636p0b.dat,6,11,0,cylinder
6636p0c.dat,6,11,0,cylinder
6636p10.dat,6,11,0,cylinder
6636py0.dat,6,11,0,cylinder
6636py1.dat,6,11,0,cylinder
6637c01.dat,0,4,1,cylinder
66606.dat,20,24,0,cylinder
66614.dat,0,5,9,cylinder
66727c01.dat,0,2,0,cylinder
66789.dat,36,56,0,cylinder
66790.dat,68,96,0,cylinder
66792.dat,12,28,0,cylinder
66821-f1.dat,0,28,0,cylinder
66821k01.dat,0,2,0,cylinder
66855.dat,0,4,0,cylinder
66855p01.dat,0,4,0,cylinder
66855p02.dat,0,4,0,cylinder
66855p03.dat,0,4,0,cylinder
66855p04.dat,0,4,0,cylinder
66855p05.dat,0,4,0,cylinder
66855p06.dat,0,4,0,cylinder
66855p07.dat,0,4,0,cylinder
66859.dat,10,14,0,cylinder
66906.dat,2,3,0,cylinder;generic
66961.dat,0,2,0,cylinder
67.dat,11,14,0,cylinder
670.dat,12,20,0,cylinder;fingers
67013.dat,0,4,0,cylinder
67013p01.dat,0,4,0,cylinder
67075.dat,0,4,0,cylinder
67131.dat,3,5,0,cylinder
67196-f1.dat,0,14,0,cylinder
67325.dat,3,4,0,cylinder;generic
67329.dat,3,21,0,cylinder
67351.dat,2,25,0,cylinder;generic
67351c01.dat,0,25,0,cylinder;generic
67440.dat,3,11,0,cylinder
67446.dat,2,14,0,cylinder
67498-f1.dat,0,9,0,cylinder
67498-f2.dat,0,9,0,cylinder
675.dat,0,3,0,cylinder
676.dat,0,2,0,cylinder
67692.dat,2,2,0,generic;cylinder
67695.dat,1,2,0,cylinder
67696.dat,1,5,1,cylinder
67697.dat,1,3,0,cylinder;generic
67718.dat,6,50,0,cylinder;generic
67718c01.dat,0,50,0,cylinder;generic
67718p01.dat,6,50,0,cylinder;generic
67737.dat,0,16,0,cylinder
67759.dat,4,39,0,cylinder
679.dat,0,6,0,cylinder
67931.dat,0,4,0,cylinder
67931p01.dat,0,4,0,cylinder
67950.dat,0,4,0,cylinder
67950p01.dat,0,4,0,cylinder
67c01.dat,0,20,0,cylinder
68.dat,2,3,0,cylinder
68196.dat,0,2,0,cylinder
68297.dat,30,56,0,cylinder
68325.dat,14,18,0,cylinder
68382.dat,2,10,0,cylinder
68446.dat,9,169,0,cylinder
68488.dat,0,21,0,cylinder
68488c01.dat,0,22,0,cylinder;generic
6850.dat,0,288,0,cylinder
6851.dat,188,188,0,cylinder
68568.dat,6,10,0,cylinder
685p01c01.dat,10,18,1,cylinder;fingers
69066.dat,3,5,0,cylinder
691.dat,0,2,0,cylinder
692.dat,0,2,0,cylinder
6941.dat,0,4,0,cylinder
69633c01.dat,0,7,0,cylinder
69730.dat,0,37,0,cylinder
69730c01.dat,0,38,0,cylinder;generic
699.dat,4,84,0,cylinder
69906.dat,0,14,0,cylinder
69958.dat,0,64,0,cylinder
69963.dat,0,12,0,cylinder
69984.dat,21,25,0,clip;cylinder
69c01.dat,0,3,0,cylinder
700.dat,200,400,0,cylinder
70026.dat,4,68,0,cylinder;generic
70081c01.dat,0,2,0,cylinder
700a.dat,200,400,0,cylinder
702.dat,12,24,0,cylinder
7026.dat,0,6,0,cylinder
7026c.dat,0,6,0,cylinder
7028.dat,0,6,0,cylinder
70358.dat,0,17,0,cylinder
7039.dat,1,5,0,cylinder
7039c01.dat,0,5,0,cylinder
7039c02.dat,0,5,0,cylinder
7039c03.dat,0,5,0,cylinder
70423c01.dat,0,9,0,generic;cylinder
70423c02.dat,0,18,0,generic;cylinder
7049.dat,3,19,0,cylinder
70496.dat,0,4,0,cylinder
7049a.dat,11,19,0,cylinder
7049b.dat,11,19,0,cylinder
7049c.dat,11,19,0,cylinder
70646.dat,0,12,0,cylinder
70770.dat,0,1,0,cylinder
708.dat,2,3,0,cylinder
70823.dat,4,6,0,cylinder
709.dat,25,49,0,cylinder
70942.dat,1,3,0,cylinder;generic
710.dat,101,173,0,cylinder
71076.dat,1,2,0,cylinder
711.dat,31,61,0,cylinder
712.dat,29,58,0,cylinder
712a.dat,30,58,0,cylinder
712ap01.dat,29,57,0,cylinder
712b.dat,1,29,0,cylinder
713.dat,0,57,0,cylinder
713a.dat,29,57,0,cylinder
713b.dat,1,29,0,cylinder
715.dat,1,13,0,cylinder
715c01.dat,0,13,0,cylinder
715c02.dat,0,13,0,cylinder
71603.dat,0,32,0,cylinder
71613.dat,0,15,0,cylinder
71772.dat,0,32,0,cylinder
71772p01.dat,0,32,0,cylinder
71874.dat,0,3,0,cylinder
71958c01.dat,44,196,0,cylinder
72.dat,0,4,0,cylinder
720.dat,0,3,0,cylinder
72024.dat,5,17,0,cylinder
721.dat,0,32,0,cylinder
72132.dat,12,32,0,cylinder
72156.dat,0,10,0,cylinder
72454.dat,18,26,0,cylinder
72475.dat,2,18,0,cylinder
72631.dat,1,25,0,cylinder
72631c01.dat,0,33,0,cylinder
72631c02.dat,0,33,0,cylinder
72632.dat,0,25,0,cylinder
72632c01.dat,0,33,0,cylinder
72632c02.dat,0,33,0,cylinder
72633.dat,4,16,0,cylinder
72633c01.dat,0,24,0,cylinder
72633c02.dat,0,24,0,cylinder
72634.dat,8,24,0,cylinder
72634c01.dat,0,32,0,cylinder
72634c02.dat,0,32,0,cylinder
728.dat,88,176,0,cylinder
7284.dat,0,2,0,cylinder
729.dat,2,88,0,cylinder
73037.dat,0,16,0,cylinder
73081.dat,0,5,0,cylinder
73090.dat,12,38,0,cylinder
73090a.dat,14,38,0,cylinder
73090b.dat,12,36,0,cylinder
73090bd01.dat,12,36,0,cylinder
73092.dat,0,1,0,fingers
73109.dat,5,11,0,cylinder
73110.dat,5,41,0,cylinder
73111.dat,13,21,0,cylinder
73112.dat,0,65,0,cylinder
73129.dat,1,2,0,cylinder
73162.dat,2,10,0,cylinder
73162p01.dat,2,10,0,cylinder
73194c01.dat,2,4,0,cylinder
73194c02.dat,2,4,0,cylinder
73194c03.dat,2,4,0,cylinder
73194c04.dat,2,4,0,cylinder
732.dat,0,1,0,cylinder
73200-f1.dat,0,12,0,cylinder
73200-f2.dat,0,12,0,cylinder
73200.dat,0,13,0,cylinder
73200b-f1.dat,0,12,0,cylinder
73200b-f2.dat,0,12,0,cylinder
73200b.dat,0,12,0,cylinder
73200bp30.dat,0,12,0,cylinder
73200bp3j.dat,0,12,0,cylinder
73200bp40.dat,0,12,0,cylinder
73200bp41.dat,0,12,0,cylinder
73200bp42.dat,0,12,0,cylinder
73200bp4f.dat,0,12,0,cylinder
73200bp60.dat,0,12,0,cylinder
73200bp61.dat,0,12,0,cylinder
73200bp62.dat,0,12,0,cylinder
73200bp63.dat,0,12,0,cylinder
73200bp6f.dat,0,12,0,cylinder
73200bp6g.dat,0,12,0,cylinder
73200bp6u.dat,0,12,0,cylinder
73200bp6v.dat,0,12,0,cylinder
73200bp6w.dat,0,12,0,cylinder
73200bp70.dat,0,12,0,cylinder
73200bp71.dat,0,12,0,cylinder
73200bp72.dat,0,12,0,cylinder
73200bp89.dat,0,12,0,cylinder
73200bp8a.dat,0,12,0,cylinder
73200bp8h.dat,0,12,0,cylinder
73200bp8i.dat,0,12,0,cylinder
73200bpa2.dat,0,12,0,cylinder
73200bpa3.dat,0,12,0,cylinder
73200bpa9.dat,0,12,0,cylinder
73200bpaw.dat,0,12,0,cylinder
73200bpaz.dat,0,12,0,cylinder
73200bpb8.dat,0,12,0,cylinder
73200bpb9.dat,0,12,0,cylinder
73200bpba.dat,0,12,0,cylinder
73200bpbb.dat,0,12,0,cylinder
73200bpbc.dat,0,12,0,cylinder
73200bpbd.dat,0,12,0,cylinder
73200bpbe.dat,0,12,0,cylinder
73200bpbf.dat,0,12,0,cylinder
73200bpbg.dat,0,12,0,cylinder
73200bpc1.dat,0,12,0,cylinder
73200bpc44.dat,0,12,0,cylinder
73200bpc4b.dat,0,12,0,cylinder
73200bpc67.dat,0,12,0,cylinder
73200bpc6a.dat,0,12,0,cylinder
73200bpc97.dat,0,12,0,cylinder
73200bpcbd.dat,0,12,0,cylinder
73200bpd6e.dat,0,12,0,cylinder
73200bpdd1.dat,0,12,0,cylinder
73200bpde.dat,0,12,0,cylinder
73200bph0.dat,0,12,0,cylinder
73200bphb.dat,0,12,0,cylinder
73200bphf.dat,0,12,0,cylinder
73200bpm0.dat,0,12,0,cylinder
73200bpm1.dat,0,12,0,cylinder
73200bpm2.dat,0,12,0,cylinder
73200bpn4.dat,0,12,0,cylinder
73200bpq0.dat,0,12,0,cylinder
73200bpq1.dat,0,12,0,cylinder
73200bpq2.dat,0,12,0,cylinder
73200bps0.dat,0,12,0,cylinder
73200bps1.dat,0,12,0,cylinder
73200bps2.dat,0,12,0,cylinder
73200bps3.dat,0,12,0,cylinder
73200bps4.dat,0,12,0,cylinder
73200bps5.dat,0,12,0,cylinder
73200bps6.dat,0,12,0,cylinder
73200bpsk.dat,0,12,0,cylinder
73200bpu1.dat,0,12,0,cylinder
73200bpw1.dat,0,12,0,cylinder
73200bpw2.dat,0,12,0,cylinder
73200bpw3.dat,0,12,0,cylinder
73200bpw4.dat,0,12,0,cylinder
73200bpx0.dat,0,12,0,cylinder
73200bpx1.dat,0,12,0,cylinder
73200bpx2.dat,0,12,0,cylinder
73200bpy0.dat,0,12,0,cylinder
73200bpy1.dat,0,12,0,cylinder
73200bpy2.dat,0,12,0,cylinder
73200p30.dat,0,12,0,cylinder
73200p3j.dat,0,12,0,cylinder
73200p40.dat,0,12,0,cylinder
73200p41.dat,0,12,0,cylinder
73200p42.dat,0,12,0,cylinder
73200p4f.dat,0,12,0,cylinder
73200p60.dat,0,12,0,cylinder
73200p63.dat,0,12,0,cylinder
73200p6f.dat,0,12,0,cylinder
73200p6g.dat,0,12,0,cylinder
73200p6u.dat,0,12,0,cylinder
73200p6v.dat,0,12,0,cylinder
73200p6w.dat,0,12,0,cylinder
73200p70.dat,0,12,0,cylinder
73200p71.dat,0,12,0,cylinder
73200p89.dat,0,12,0,cylinder
73200p8h.dat,0,12,0,cylinder
73200p8i.dat,0,12,0,cylinder
73200pa2.dat,0,12,0,cylinder
73200pa3.dat,0,12,0,cylinder
73200pa9.dat,0,12,0,cylinder
73200paw.dat,0,12,0,cylinder
73200pba.dat,0,12,0,cylinder
73200pbb.dat,0,12,0,cylinder
73200pbc.dat,0,12,0,cylinder
73200pbe.dat,0,12,0,cylinder
73200pbf.dat,0,12,0,cylinder
73200pc1.dat,0,12,0,cylinder
73200pc44.dat,0,12,0,cylinder
73200pc4b.dat,0,12,0,cylinder
73200pc67.dat,0,12,0,cylinder
73200pc6a.dat,0,12,0,cylinder
73200pc97.dat,0,12,0,cylinder
73200pcbd.dat,0,12,0,cylinder
73200pd6e.dat,0,12,0,cylinder
73200pde.dat,0,12,0,cylinder
73200ph0.dat,0,12,0,cylinder
73200pm0.dat,0,12,0,cylinder
73200pm1.dat,0,12,0,cylinder
73200pm2.dat,0,12,0,cylinder
73200pq0.dat,0,12,0,cylinder
73200pq1.dat,0,12,0,cylinder
73200pq2.dat,0,12,0,cylinder
73200ps0.dat,0,12,0,cylinder
73200ps5.dat,0,12,0,cylinder
73200psk.dat,0,12,0,cylinder
73200pu1.dat,0,12,0,cylinder
73200pw1.dat,0,12,0,cylinder
73200pw2.dat,0,12,0,cylinder
73200pw3.dat,0,12,0,cylinder
73200px0.dat,0,12,0,cylinder
73200px2.dat,0,12,0,cylinder
73312.dat,0,3,0,cylinder
73313.dat,0,3,0,cylinder
73351.dat,17,33,0,cylinder
73418.dat,0,13,0,cylinder
73435.dat,2,4,0,cylinder
73436.dat,2,4,0,cylinder
73479.dat,0,27,0,cylinder
73562.dat,6,12,0,cylinder
73590.dat,0,4,0,cylinder
73590a.dat,2,4,0,cylinder
73590b.dat,2,4,0,cylinder
73593.dat,0,3,0,cylinder
73594.dat,0,6,0,cylinder
736.dat,38,164,0,cylinder;generic
73603.dat,0,31,0,cylinder
73642.dat,5,19,0,cylinder
73664.dat,6,8,0,cylinder
73696.dat,0,59,0,cylinder
73696c00.dat,0,59,0,cylinder
73696c01.dat,30,186,0,cylinder
73696c02.dat,30,186,0,cylinder
73696c03.dat,31,189,0,cylinder;generic
73696c04.dat,31,189,0,cylinder;generic
73697.dat,0,23,1,cylinder
73697c00.dat,0,23,1,cylinder
73697c01.dat,30,127,1,cylinder
73697c02.dat,30,127,1,cylinder
73697c03.dat,31,130,1,cylinder;generic
73697c04.dat,31,130,1,cylinder;generic
736c01.dat,38,168,0,cylinder;generic
736c02.dat,2,170,2,cylinder;generic
737.dat,9,17,0,cylinder
73741.dat,0,252,0,cylinder
73742.dat,0,422,0,cylinder
737c01-f1.dat,9,17,0,cylinder
737c01-f2.dat,9,17,0,cylinder
73825.dat,2,6,0,cylinder
73831.dat,9,14,0,cylinder
73861.dat,0,6,0,cylinder
73878c01.dat,0,1,2,generic
739.dat,0,4,0,cylinder
73983.dat,6,12,0,cylinder
74011.dat,0,12,0,cylinder
74013.dat,0,82,0,cylinder
74040.dat,0,13,0,cylinder
741.dat,1,5,0,cylinder
74140.dat,1,13,0,cylinder
74166.dat,4,92,0,cylinder
742.dat,13,25,0,cylinder
743.dat,53,105,0,cylinder
74330.dat,0,12,0,cylinder
744.dat,77,153,0,cylinder
74572.dat,0,49,0,cylinder
74573.dat,0,14,0,cylinder
74611.dat,1,45,0,cylinder
74650.dat,56,98,0,cylinder
74656.dat,6,38,0,cylinder;clip
74656p01.dat,6,38,0,cylinder;clip
74656p02.dat,6,38,0,cylinder;clip
74656p03.dat,6,38,0,cylinder;clip
74695.dat,0,2,0,cylinder
74780-f1.dat,8,10,7,cylinder
74780-f2.dat,8,10,7,cylinder
74781-f1.dat,8,10,7,cylinder
74781-f2.dat,8,10,7,cylinder
74880.dat,3,5,0,cylinder
749.dat,6,10,0,cylinder
74948.dat,6,7,0,cylinder;generic
74948p01.dat,6,7,0,cylinder;generic
74948p02.dat,6,7,0,cylinder;generic
74967c01.dat,0,1,0,cylinder
74967p01c01.dat,0,1,0,cylinder
74981-f1.dat,2,6,0,cylinder
74981-f2.dat,2,6,0,cylinder
74981a.dat,0,6,0,cylinder
74981b.dat,0,6,0,cylinder
74982-f1.dat,0,5,0,cylinder
74982-f2.dat,0,5,0,cylinder
74982a.dat,0,5,0,cylinder
74982b.dat,0,5,0,cylinder
75.dat,0,6,0,cylinder
75174.dat,2,20,1,cylinder;fingers;clip;generic
75174c01.dat,1,3,5,cylinder;fingers
75174p01.dat,0,18,1,cylinder;fingers;clip;generic
75174p01c01.dat,3,6,5,cylinder;fingers
75192.dat,0,25,0,cylinder
75214.dat,0,22,0,cylinder
75347.dat,1,9,0,cylinder
75348.dat,0,5,0,cylinder
75349.dat,14,30,0,cylinder
75350.dat,38,78,0,cylinder
753c01.dat,9,17,1,cylinder;clip
753c02.dat,9,17,1,cylinder;clip
75538.dat,0,6,0,cylinder
75539.dat,0,12,0,cylinder
75545.dat,0,8,0,cylinder
75652.dat,0,16,0,cylinder
75815.dat,0,1,1,cylinder
758c01.dat,0,3,0,cylinder
75902.dat,0,1,0,cylinder
75902p01.dat,0,1,0,cylinder
75902p02.dat,0,1,0,cylinder
75902p03.dat,0,1,0,cylinder
75902p04.dat,0,1,0,cylinder
75902p05.dat,0,1,0,cylinder
75902p06.dat,0,1,0,cylinder
75902p07.dat,0,1,0,cylinder
75902p08.dat,0,1,0,cylinder
75902p09.dat,0,1,0,cylinder
75902p0a.dat,0,1,0,cylinder
75902p0b.dat,0,1,0,cylinder
75902pb0.dat,0,1,0,cylinder
75902pb1.dat,0,1,0,cylinder
75902pb2.dat,0,1,0,cylinder
75902ps1.dat,0,1,0,cylinder
75924.dat,2,4,0,cylinder
75972.dat,0,36,0,cylinder
75973.dat,0,13,0,cylinder
75974.dat,15,20,0,cylinder
75977.dat,14,41,0,cylinder
75979.dat,4,15,0,cylinder
76019.dat,0,1,0,cylinder
76048.dat,76,120,0,cylinder
76110.dat,0,6,0,cylinder
76110p01.dat,2,6,0,cylinder
76110p02.dat,2,6,0,cylinder
76110p03.dat,2,6,0,cylinder
76110p04.dat,2,6,0,cylinder
76110p05.dat,2,6,0,cylinder
76113.dat,0,20,0,cylinder
76113c01.dat,4,48,0,cylinder
76138.dat,1,2,0,cylinder
76244.dat,0,1,0,cylinder
76320-f1.dat,0,2,0,cylinder
76320-f2.dat,0,2,0,cylinder
76371.dat,0,4,0,cylinder
76384.dat,2,4,0,cylinder
76385.dat,2,4,1,cylinder
76409.dat,0,8,0,cylinder
76409c01.dat,0,10,0,cylinder
76424.dat,0,106,0,cylinder
76442.dat,0,4,0,cylinder
76442c01.dat,0,5,0,cylinder
76443.dat,0,4,0,cylinder
76443c01.dat,1,5,0,cylinder;fingers
76454c01.dat,72,118,0,cylinder
76454c02.dat,72,118,0,cylinder
76537.dat,1,2,0,cylinder
76543a.dat,0,13,0,cylinder
76543b.dat,0,13,0,cylinder
765c01.dat,1,2,0,cylinder
765c02.dat,0,4,0,cylinder
765c03.dat,0,8,0,cylinder
76607c01.dat,0,10,0,cylinder
766bc02.dat,0,4,0,cylinder
766bc03.dat,0,8,0,cylinder
766c01.dat,0,9,0,generic;cylinder
767.dat,0,12,0,cylinder
76766.dat,16,24,0,cylinder
76768.dat,5,7,0,cylinder
76798.dat,2,17,0,cylinder
76798d01.dat,0,17,0,cylinder
76798d02.dat,0,17,0,cylinder
76798d03.dat,0,17,0,cylinder
768.dat,9,26,0,cylinder
770.dat,0,1,0,cylinder
770p4b.dat,0,1,0,cylinder
770p4c.dat,0,1,0,cylinder
770p4d.dat,0,1,0,cylinder
770ph1.dat,0,1,0,cylinder
770ps1.dat,0,1,0,cylinder
770pw1.dat,0,1,0,cylinder
77127p01.dat,0,8,0,cylinder
77127p01c01.dat,0,16,0,cylinder
772p01.dat,2,4,0,cylinder
773.dat,2,3,0,cylinder
775.dat,1,2,0,cylinder
77598.dat,0,4,0,cylinder
775c01.dat,0,3,0,cylinder
778.dat,0,24,0,cylinder
77813.dat,0,1,0,cylinder
77844.dat,0,9,0,cylinder
77845.dat,6,11,0,cylinder
77850.dat,9,11,0,cylinder
780.dat,42,70,0,cylinder
781.dat,64,128,0,cylinder
78168.dat,0,12,0,cylinder
78256.dat,4,6,0,cylinder;clip
78329.dat,5,14,0,cylinder
78443.dat,8,14,0,cylinder
78444.dat,8,14,0,cylinder
785.dat,0,148,0,cylinder
792c01.dat,8,12,0,cylinder;fingers
792c02.dat,9,13,0,cylinder;fingers
792c03.dat,11,15,0,cylinder;fingers
79387.dat,8,20,0,cylinder
79389.dat,2,6,0,cylinder
794a.dat,0,392,0,cylinder
794ap01.dat,0,392,0,cylinder
794ap02.dat,0,392,0,cylinder
79759.dat,0,64,0,cylinder
79846.dat,0,8,0,cylinder
800.dat,0,10,0,cylinder
80015.dat,10,14,0,cylinder
80031.dat,0,90,0,cylinder
80039.dat,0,2,0,cylinder
80045.dat,0,2,0,cylinder
80120.dat,0,11,0,cylinder
80123.dat,0,8,0,cylinder
80178.dat,0,4,0,cylinder
80222.dat,0,2,0,cylinder
80256.dat,0,240,0,cylinder
80268.dat,0,5,0,cylinder
80268p01.dat,0,5,0,cylinder
80271.dat,0,1,0,cylinder
80272.dat,0,1,0,cylinder
80274.dat,0,2,0,cylinder
80276.dat,0,1,0,cylinder
80298.dat,0,2,0,cylinder
803.dat,37,73,0,cylinder
80316.dat,0,2,0,cylinder
80319.dat,0,64,0,cylinder
80394.dat,0,1,0,fingers
80394a.dat,0,30,0,cylinder
80395.dat,0,11,0,cylinder
804.dat,45,89,0,cylinder
80400.dat,4,11,0,cylinder
805.dat,53,105,0,cylinder
80514.dat,0,8,0,cylinder
80543.dat,3,5,0,cylinder
80546.dat,0,563,0,cylinder
80547.dat,6,448,0,cylinder
80548.dat,0,322,0,cylinder
80549.dat,0,196,0,cylinder
80567.dat,8,12,0,cylinder
80573.dat,0,33,0,cylinder
80581.dat,0,2,0,clip
80582.dat,0,20,0,cylinder
80587.dat,0,20,0,cylinder
80588.dat,0,17,0,cylinder
80589.dat,0,2,0,clip
806.dat,78,150,0,cylinder
80602.dat,0,476,0,cylinder
80648.dat,0,11,0,cylinder
80649.dat,0,11,0,cylinder
80650.dat,0,11,0,cylinder
80651.dat,0,11,0,cylinder
80671.dat,0,240,0,cylinder
80672.dat,0,450,0,cylinder
80796.dat,3,21,0,cylinder
809.dat,34,708,0,cylinder
80973.dat,0,39,0,cylinder
810.dat,0,15,0,cylinder
81022.dat,0,712,0,cylinder
81038.dat,0,17,0,cylinder;generic
81043.dat,0,446,0,cylinder
81048.dat,0,8,0,cylinder
81055.dat,0,3,0,cylinder
811.dat,2,76,0,cylinder
81149.dat,0,3,0,cylinder
81155.dat,0,17,0,cylinder
81267.dat,0,2,0,clip
813.dat,4,16,0,cylinder
813c01.dat,0,16,0,cylinder
813c02-f1.dat,8,68,0,cylinder
813c02-f2.dat,8,68,0,cylinder
813c03-f1.dat,8,68,0,cylinder
813c03-f2.dat,8,68,0,cylinder
81426.dat,0,2,0,clip
81427.dat,0,2,0,clip
814c01-f1.dat,0,1,0,cylinder
814c01-f2.dat,0,1,0,cylinder
814c02-f1.dat,0,1,0,cylinder
814c02-f2.dat,0,1,0,cylinder
81599.dat,0,47,0,cylinder
81615.dat,0,13,0,cylinder
81714.dat,0,2,0,cylinder
81715.dat,0,2,0,clip
81772.dat,0,48,0,cylinder
817c01.dat,0,18,0,cylinder
817c02.dat,0,18,0,cylinder
817c03.dat,0,18,0,cylinder
817c04.dat,2,20,0,cylinder;generic
82059.dat,0,13,0,cylinder
82359.dat,0,5,0,cylinder
824.dat,0,45,0,cylinder
824c01.dat,18,45,0,cylinder
82532.dat,0,13,0,cylinder
827.dat,0,20,1,cylinder
828.dat,0,4,0,cylinder
83396.dat,0,1,0,clip
837.dat,0,32,0,cylinder
841.dat,0,16,0,cylinder
84133.dat,0,8,0,cylinder
84133p01.dat,0,8,0,cylinder
84599.dat,32,52,0,cylinder;generic
84625.dat,0,1,0,cylinder
84637.dat,2,10,0,cylinder
84637b.dat,2,10,0,cylinder
84637bp01.dat,2,10,0,cylinder
84637bp02.dat,2,10,0,cylinder
84637bp03.dat,2,10,0,cylinder
84637bp04.dat,2,10,0,cylinder
84637bp05.dat,2,10,0,cylinder
84637bp06.dat,2,10,0,cylinder
84637bp07.dat,2,10,0,cylinder
84637c01.dat,2,10,0,cylinder
84637c02.dat,2,10,0,cylinder
84637c03.dat,2,10,0,cylinder
84637c04.dat,2,10,0,cylinder
84637c05.dat,2,10,0,cylinder
84637c06.dat,2,10,0,cylinder
84637c07.dat,2,10,0,cylinder
84638.dat,0,5,11,cylinder
84638p01.dat,0,5,11,cylinder
85489ac01.dat,0,1,0,cylinder
85614.dat,0,17,0,cylinder
85970dy0.dat,15,19,0,cylinder
85970dy1.dat,15,19,0,cylinder
85976.dat,6,30,6,cylinder
85977.dat,22,38,0,cylinder
85983c01.dat,0,15,0,cylinder;clip
85984d01.dat,0,2,0,cylinder
85984d02.dat,0,2,0,cylinder
85984d03.dat,0,2,0,cylinder
85984d08.dat,0,2,0,cylinder
85984d0d.dat,0,2,0,cylinder
85984d0e.dat,0,2,0,cylinder
85984d50.dat,0,2,0,cylinder
85984dx7.dat,0,2,0,cylinder
85984dy0.dat,0,2,0,cylinder
85984dy1.dat,0,2,0,cylinder
85984dy5.dat,0,2,0,cylinder
85984dy6.dat,0,2,0,cylinder
85984dy7.dat,0,2,0,cylinder
85984dy9.dat,0,2,0,cylinder
85984dya.dat,0,2,0,cylinder
85984dyf.dat,0,2,0,cylinder
860.dat,2,3,0,cylinder;fingers
861c01.dat,16,62,0,cylinder
861c02.dat,0,30,0,cylinder
86209.dat,0,1,0,generic
86294.dat,0,4,0,cylinder
862ac01.dat,0,38,0,cylinder
862ac02.dat,33,96,0,cylinder;generic
86644.dat,2,13,0,cylinder
86652c01.dat,2,9,0,cylinder;generic
866c01.dat,0,6,0,cylinder
866c04.dat,48,120,0,cylinder
86876.dat,5,7,0,cylinder
870.dat,0,20,0,cylinder
87058.dat,12,232,0,cylinder
87079d50.dat,0,8,0,cylinder
87079d51.dat,0,8,0,cylinder
87079d52.dat,0,8,0,cylinder
87079dm0.dat,0,8,0,cylinder
87079dm1.dat,0,8,0,cylinder
87079dq0.dat,0,8,0,cylinder
87079dq1.dat,0,8,0,cylinder
87079dq2.dat,0,8,0,cylinder
87079dq3.dat,0,8,0,cylinder
87079dt0.dat,0,8,0,cylinder
87079dt1.dat,0,8,0,cylinder
87081.dat,19,27,0,cylinder
87084.dat,10,18,0,cylinder
87086.dat,0,7,0,cylinder
87398.dat,0,4,0,cylinder
87398p01.dat,0,4,0,cylinder
87513.dat,3,21,0,cylinder;generic
87544dq0.dat,0,7,0,cylinder
87544dq1.dat,0,7,0,cylinder
87552.dat,3,7,0,cylinder
87552p01.dat,3,7,0,cylinder
87552p02.dat,3,7,0,cylinder
87574.dat,0,24,0,cylinder
87576.dat,1,17,0,cylinder;generic
87576c01.dat,0,17,0,cylinder;generic
87577.dat,2,52,0,cylinder
87578.dat,0,12,0,cylinder
87580.dat,7,7,0,cylinder
87601.dat,4,28,0,cylinder
87606.dat,12,20,0,cylinder
87606ps1.dat,12,20,0,cylinder
87611.dat,41,57,0,cylinder
87613.dat,16,22,0,cylinder;generic
87613p01.dat,15,21,0,cylinder
87613p02.dat,15,21,0,cylinder
87614.dat,16,28,0,cylinder
87615.dat,17,41,0,cylinder
87616.dat,21,31,0,cylinder
87619.dat,18,34,0,cylinder
877.dat,0,13,0,cylinder
87776.dat,0,5,0,cylinder
87776pk1.dat,0,5,0,cylinder
87857.dat,0,14,0,cylinder
87857pk1.dat,0,14,0,cylinder
87857pk3.dat,0,14,0,cylinder
87857pk4.dat,0,14,0,cylinder
879.dat,0,13,0,cylinder
87926.dat,10,30,0,cylinder
880.dat,0,16,0,cylinder
88072.dat,3,6,0,cylinder
88112.dat,22,42,0,cylinder
88296.dat,0,8,0,cylinder
88296p01.dat,0,8,0,cylinder
883.dat,4,48,0,cylinder
88323c01.dat,1,6,0,cylinder;clip
88323c02.dat,1,6,0,cylinder;clip
88323c03.dat,2,7,0,cylinder;clip
88323c04.dat,1,6,0,cylinder;clip
88323c05.dat,1,6,0,cylinder;clip
88323c06.dat,2,7,0,cylinder;clip
884.dat,76,120,0,cylinder
88408.dat,0,1,0,cylinder
88412.dat,0,1,0,cylinder
88415.dat,0,2,0,cylinder;fingers
885.dat,0,1,0,cylinder
88513.dat,1,2,0,cylinder
88517c01.dat,0,5,0,cylinder
88517c02.dat,0,5,0,cylinder
886.dat,0,16,0,cylinder
88618.dat,0,8,0,cylinder
88618c01.dat,0,8,0,cylinder
88618p01.dat,0,8,0,cylinder
88618p01c01.dat,0,8,0,cylinder
889.dat,0,1,0,generic
88930dy1.dat,0,8,0,cylinder
88930dy2.dat,0,8,0,cylinder
889c01.dat,0,7,0,cylinder;generic
89.dat,0,6,0,cylinder;clip
890.dat,0,1,0,clip
890p01.dat,0,1,0,clip
892.dat,0,1,0,clip
892p01.dat,0,1,0,clip
89510.dat,0,4,0,cylinder
89523.dat,85,153,0,cylinder
89648.dat,12,35,0,cylinder
89648c01.dat,8,35,0,cylinder
89648c02.dat,8,35,0,cylinder
896p01.dat,52,276,0,cylinder
89832.dat,2,18,0,cylinder
8c01.dat,2,11,0,cylinder;clip;generic
8c02.dat,2,10,0,cylinder;clip
9.dat,8,23,0,cylinder
90109.dat,0,30,0,cylinder
90194.dat,9,13,0,cylinder
90201.dat,16,20,0,cylinder
90397d01.dat,0,10,0,cylinder
9044.dat,0,3,0,cylinder
90460.dat,1,1,0,cylinder
905c01.dat,5,9,0,cylinder
90754.dat,0,10,0,cylinder
90787.dat,0,4,0,cylinder
91.dat,0,2,0,cylinder
91143.dat,0,7,0,cylinder
91176.dat,5,13,0,cylinder
913.dat,1,2,0,cylinder
91347c01-f1.dat,0,5,0,cylinder;clip
91405.dat,256,512,0,cylinder
91598.dat,9,11,0,cylinder
915p04.dat,107,524,0,cylinder
91884.dat,2,3,0,cylinder
91884p01.dat,2,3,0,cylinder
91884p02.dat,2,3,0,cylinder
91884p03.dat,2,3,0,cylinder
91884p04.dat,2,3,0,cylinder
91988.dat,28,56,0,cylinder
91994.dat,0,4,0,cylinder
919c01.dat,20,43,0,cylinder;generic
92013.dat,2,6,2,cylinder;generic
92088.dat,142,278,0,cylinder
92094.dat,0,16,0,cylinder
92099.dat,24,46,0,cylinder
92198c01.dat,8,23,1,fingers;cylinder;generic;clip
92198p01c01.dat,2,11,1,fingers;cylinder;generic
92198p01c02.dat,0,5,2,cylinder
92198p01c03.dat,2,6,2,cylinder
92198p01c04.dat,2,11,1,fingers;cylinder;generic
92198p01c05.dat,2,6,2,cylinder
92198p01c06.dat,3,12,1,fingers;cylinder;generic
92198p01c07.dat,3,12,1,fingers;cylinder;generic
92198p01c08.dat,0,10,1,fingers;cylinder;generic
92198p01c09.dat,3,12,1,fingers;cylinder;generic
92198p01c10.dat,2,11,1,fingers;cylinder;generic
92198p01c11.dat,2,11,1,fingers;cylinder;generic
92198p01c12.dat,3,7,2,cylinder
92198p01c13.dat,3,12,1,fingers;cylinder;generic
92198p01c14.dat,0,8,3,fingers;cylinder;generic
92198p02c01.dat,2,6,2,cylinder
92198p02c02.dat,2,6,2,cylinder
92198p02c03.dat,0,8,2,fingers;cylinder;generic
92198p02c04.dat,2,11,1,fingers;cylinder;generic
92198p02c05.dat,2,11,1,fingers;cylinder;generic
92198p02c06.dat,2,10,1,cylinder;fingers;generic
92198p02c07.dat,2,11,1,fingers;cylinder;generic
92198p04c01.dat,2,11,1,fingers;cylinder;generic
92198p04c02.dat,2,6,2,cylinder
92198p04c03.dat,2,6,2,cylinder
92198p04c04.dat,2,6,2,cylinder
92198p04c05.dat,2,6,2,cylinder
92198p04c06.dat,1,5,2,cylinder
92198p05c01.dat,2,11,1,fingers;cylinder;generic
92198p05c02.dat,1,10,1,fingers;cylinder;generic
92198p05c03.dat,1,10,1,fingers;cylinder;generic
92198p05c04.dat,1,10,1,fingers;cylinder;generic
92198p05c05.dat,0,8,2,fingers;cylinder;generic
92198p06c01.dat,2,11,1,fingers;cylinder;generic
92198p07c01.dat,2,11,1,fingers;cylinder;generic
92198p08c01.dat,2,6,2,cylinder
92198p08c02.dat,2,11,1,fingers;cylinder;generic
92198p08c03.dat,2,6,2,cylinder
92198p08c04.dat,2,11,1,fingers;cylinder;generic
92198p08c05.dat,2,11,1,fingers;cylinder;generic
92198p08c06.dat,2,11,1,fingers;cylinder;generic
92198p08c07.dat,2,11,1,fingers;cylinder;generic
92198p09c01.dat,1,9,1,fingers;cylinder;generic
92198p09c02.dat,0,9,1,fingers;cylinder;generic
92198p10c01.dat,1,9,1,fingers;cylinder;generic
92198p10c02.dat,1,9,1,fingers;cylinder;generic
92198p11c01.dat,2,11,1,fingers;cylinder;generic
92198p12c01.dat,1,9,1,cylinder;fingers;generic
92198p13c01.dat,0,10,1,fingers;cylinder;generic
92198p14c01.dat,0,10,1,fingers;cylinder;generic
92198p14c02.dat,0,11,1,fingers;cylinder;generic
92198p15c01.dat,0,9,1,fingers;cylinder;generic
92198p15c02.dat,0,10,1,fingers;cylinder;generic
92240c01.dat,6,17,1,fingers;cylinder;generic;clip
92240p01c01.dat,1,9,1,fingers;cylinder;generic
92241p01c01.dat,0,6,1,cylinder;generic;clip
92241p02c01.dat,0,6,1,cylinder;generic;clip
92241p03c01.dat,0,6,1,cylinder;generic;clip
92241p04c01.dat,0,6,1,cylinder;generic;clip
92241p05c01.dat,0,6,1,cylinder;generic;clip
92241p06c01.dat,0,6,1,cylinder;generic;clip
92241p07c01.dat,0,6,1,cylinder;generic;clip
92241p08c01.dat,0,6,1,cylinder;generic;clip
92241p09c01.dat,0,6,1,cylinder;generic;clip
92241p0ac01.dat,0,6,1,cylinder;generic;clip
92241p0cc01.dat,0,6,1,cylinder;generic;clip
92241p11c01.dat,0,6,1,cylinder;generic;clip
92241p12c01.dat,0,6,1,cylinder;generic;clip
92241p13c01.dat,0,6,1,cylinder;generic;clip
92241p14c01.dat,0,6,1,cylinder;generic;clip
92241p15c01.dat,0,6,1,cylinder;generic;clip
92241p16c01.dat,0,6,1,cylinder;generic;clip
92241p17c01.dat,0,6,1,cylinder;generic;clip
92241p18c01.dat,0,6,1,cylinder;generic;clip
92241p19c01.dat,0,6,1,cylinder;generic;clip
92241p20c01.dat,0,6,1,cylinder;generic;clip
92241p21c01.dat,0,6,1,cylinder;generic;clip
92241p22c01.dat,0,6,1,cylinder;generic;clip
92241p23c01.dat,0,6,1,cylinder;generic;clip
92242p01c01.dat,0,5,1,cylinder;generic;clip
92243p01c01.dat,0,6,1,cylinder;generic;clip
92243p02c01.dat,0,6,1,cylinder;generic;clip
92249p01c01.dat,2,5,0,fingers;cylinder;generic
92249p02c01.dat,2,5,0,fingers;cylinder;generic
92251p01c01.dat,2,5,0,fingers;cylinder;generic
92251p02c01.dat,2,5,0,fingers;cylinder;generic
92251p03c01.dat,2,5,0,fingers;cylinder;generic
92251p04c01.dat,2,5,0,fingers;cylinder;generic
92251p05c01.dat,2,5,0,fingers;cylinder;generic
92251p06c01.dat,2,5,0,fingers;cylinder;generic
92252p01c01.dat,2,5,0,fingers;cylinder;generic
92252p02c01.dat,2,5,0,fingers;cylinder;generic
92252p03c01.dat,2,5,0,fingers;cylinder;generic
92252p04c01.dat,2,5,0,fingers;cylinder;generic
92252p05c01.dat,2,5,0,fingers;cylinder;generic
92252p06c01.dat,2,5,0,fingers;cylinder;generic
92252p07c01.dat,2,5,0,fingers;cylinder;generic
92253p01c01.dat,2,5,0,fingers;cylinder;generic
92253p02c01.dat,2,5,0,fingers;cylinder;generic
92253p03c01.dat,2,5,0,fingers;cylinder;generic
92253p04c01.dat,2,5,0,fingers;cylinder;generic
9230.dat,2,5,0,cylinder
92338-f1.dat,2,4,0,cylinder
92338-f2.dat,2,4,0,cylinder
92339.dat,4,160,0,cylinder
92340.dat,132,268,0,cylinder
924.dat,2,3,0,cylinder
92410.dat,10,22,0,cylinder;fingers;generic
92411.dat,2,13,0,cylinder
92438.dat,128,256,0,cylinder
9244.dat,0,6,0,cylinder;clip
9245.dat,7,11,0,cylinder
9246.dat,7,11,0,cylinder
92474.dat,1,3,0,cylinder
92538.dat,20,40,0,cylinder
92547.dat,0,16,0,cylinder
92548.dat,0,16,0,cylinder
92579.dat,1,5,0,cylinder
9258.dat,7,11,0,cylinder
92580.dat,1,5,0,cylinder
92584.dat,69,109,0,cylinder
92693c01-f1.dat,3,8,0,cylinder
92693c01-f2.dat,3,8,0,cylinder
92693c02.dat,0,8,0,cylinder
92693c03.dat,0,8,0,cylinder
92709.dat,2,196,0,cylinder;generic
92709c01.dat,2,196,0,cylinder;generic
92709c02.dat,2,196,0,cylinder;generic
92709c03.dat,2,196,0,cylinder;generic
92709c04.dat,2,196,0,cylinder;generic
92709c05.dat,2,196,0,cylinder;generic
92710c01.dat,0,196,0,cylinder;generic
92710c02.dat,0,196,0,cylinder;generic
92710c03.dat,0,196,0,cylinder;generic
92711.dat,1,195,0,cylinder;generic
92715.dat,42,106,0,cylinder
92715c01.dat,0,106,0,cylinder
92747.dat,0,1,0,cylinder
92747p01.dat,0,1,0,cylinder
92747p02.dat,0,1,0,cylinder
92747p03.dat,0,1,0,cylinder
92747p04.dat,0,1,0,cylinder
92747p05.dat,0,1,0,cylinder
92747p06.dat,0,1,0,cylinder
92903.dat,2,3,0,cylinder
92911c01.dat,2,5,0,cylinder;generic
92950.dat,2,8,0,cylinder
92950p01.dat,0,6,0,cylinder
93.dat,6,14,0,cylinder
93083.dat,2,10,0,cylinder
93083p01.dat,2,10,0,cylinder
93083p02.dat,2,10,0,cylinder
93083p03.dat,2,10,0,cylinder
93083p04.dat,2,10,0,cylinder
93085.dat,0,12,0,cylinder
93085p01.dat,0,12,0,cylinder
93085p02.dat,0,12,0,cylinder
93085p03.dat,0,12,0,cylinder
93085p04.dat,0,12,0,cylinder
93094.dat,0,2,0,cylinder
93096.dat,2,8,0,cylinder
93140.dat,18,22,0,cylinder
93140c01.dat,12,34,0,cylinder
93251.dat,0,1,0,cylinder
9326.dat,0,5,0,cylinder
9326p01.dat,0,5,0,cylinder
9326p02.dat,0,5,0,cylinder
9326p11.dat,0,5,0,cylinder
9326p14.dat,0,5,0,cylinder
9326p15.dat,0,5,0,cylinder
9326p16.dat,0,5,0,cylinder
9326p17.dat,0,5,0,cylinder
9326p18.dat,0,5,0,cylinder
9326p47.dat,0,5,0,cylinder
9326p51.dat,0,5,0,cylinder
9326p52.dat,0,5,0,cylinder
9326p60.dat,0,5,0,cylinder
9326p61.dat,0,5,0,cylinder
9326p63.dat,0,5,0,cylinder
9326p68.dat,0,5,0,cylinder
9326t01.dat,0,5,0,cylinder
9326t02.dat,0,5,0,cylinder
9327.dat,0,13,0,cylinder
93273d01.dat,0,5,0,cylinder
93273d02.dat,0,5,0,cylinder
93273dy0.dat,0,5,0,cylinder
93273dy2.dat,0,5,0,cylinder
93274.dat,5,21,0,cylinder
9328.dat,7,11,0,cylinder
93353.dat,0,8,0,cylinder
9339.dat,0,13,0,cylinder
933c02.dat,0,2,0,generic
9341.dat,0,13,0,cylinder
9342.dat,0,13,0,cylinder
9352.dat,7,11,0,cylinder
93541.dat,176,318,52,cylinder
9358.dat,0,12,0,cylinder
93587.dat,6,8,0,cylinder
93589d01.dat,0,15,0,cylinder
93589d02.dat,0,15,0,cylinder
93589d03.dat,0,15,0,cylinder
9359.dat,0,12,0,cylinder
93590.dat,9,13,0,cylinder
93591.dat,0,2,0,cylinder
93595c01.dat,0,1,0,cylinder
93597.dat,10,12,0,cylinder
93606dy0.dat,0,9,0,cylinder
93606dy1.dat,0,9,0,cylinder
93606dy2.dat,0,9,0,cylinder
93606dy3.dat,0,9,0,cylinder
93606dy4.dat,0,9,0,cylinder
93606dy5.dat,0,9,0,cylinder
93606dy8.dat,0,9,0,cylinder
93606dy9.dat,0,9,0,cylinder
93606dyb.dat,0,9,0,cylinder
93606dyc.dat,0,9,0,cylinder
93606dyd.dat,0,9,0,cylinder
93674.dat,0,2,0,fingers
93772.dat,0,3,0,cylinder
93791.dat,0,7,0,cylinder
93792.dat,2,5,0,cylinder
93888.dat,0,32,0,cylinder
94.dat,0,128,0,cylinder
9401.dat,7,11,0,cylinder
94148.dat,5,9,0,cylinder
94531.dat,0,4,0,cylinder
9460.dat,2,5,0,cylinder
94638.dat,0,7,0,cylinder
948ac01.dat,2,19,1,cylinder
948ac02.dat,2,19,1,cylinder
948bc01.dat,2,18,1,cylinder
948bc02.dat,2,18,1,cylinder
948cc01.dat,30,79,1,cylinder
948cc02.dat,30,79,1,cylinder
949a.dat,0,15,0,cylinder
949ac01.dat,2,39,0,cylinder
949ac02.dat,2,39,0,cylinder
949b.dat,0,14,0,cylinder
949bc01.dat,2,33,0,cylinder
949bc02.dat,2,33,0,cylinder
949c.dat,0,18,0,cylinder
949cc01.dat,30,94,0,cylinder
949cc02.dat,30,94,0,cylinder
95.dat,0,512,0,cylinder
95227.dat,127,231,0,cylinder
952a.dat,0,16,4,cylinder
952b.dat,2,10,5,cylinder
95347.dat,0,8,0,cylinder
953a.dat,4,20,0,cylinder
953b.dat,7,15,0,cylinder
95490.dat,3,30,0,cylinder
9551.dat,0,5,0,cylinder
9552.dat,0,5,0,cylinder
9553.dat,0,5,0,cylinder
9556.dat,0,5,0,cylinder
956.dat,18,22,0,cylinder
95646.dat,0,40,0,cylinder;generic
95646c01.dat,0,40,0,cylinder;generic
95648.dat,0,4,0,generic;cylinder
95650.dat,0,4,0,generic;cylinder
95652.dat,2,6,0,generic;cylinder
95654.dat,2,6,0,generic;cylinder
95658.dat,0,26,0,cylinder;generic
9566.dat,0,5,0,cylinder
9567.dat,0,3,0,cylinder
95820.dat,3,6,0,cylinder;clip
96.dat,3,6,0,cylinder
961.dat,2,14,0,cylinder
96285.dat,0,17,0,cylinder
965.dat,5,7,0,cylinder;generic
967.dat,33,65,0,cylinder
96828.dat,9,78,0,cylinder
96874.dat,4,6,0,cylinder
97.dat,3,6,0,cylinder
970.dat,0,5,0,cylinder
970c00.dat,0,13,0,cylinder
970c02.dat,0,13,0,cylinder
970c36.dat,0,11,0,cylinder
970c3j.dat,0,13,0,cylinder
970c4f.dat,0,13,0,cylinder
970c63.dat,0,13,0,cylinder
970ca2.dat,0,13,0,cylinder
970chb.dat,0,13,0,cylinder
970cs5.dat,0,13,0,cylinder
970p4f.dat,0,5,0,cylinder
970p63.dat,0,5,0,cylinder
970phb.dat,0,5,0,cylinder
970ps5.dat,0,5,0,cylinder
971.dat,0,4,0,cylinder
97149.dat,0,5,8,cylinder
97149p01.dat,0,5,8,cylinder
971p3j.dat,0,4,0,cylinder
971p4f.dat,0,4,0,cylinder
971p63.dat,0,4,0,cylinder
971pa2.dat,0,4,0,cylinder
971phb.dat,0,4,0,cylinder
971ps5.dat,0,4,0,cylinder
972.dat,0,4,0,cylinder
972p3j.dat,0,4,0,cylinder
972p4f.dat,0,4,0,cylinder
972p63.dat,0,4,0,cylinder
972pa2.dat,0,4,0,cylinder
972phb.dat,0,4,0,cylinder
973c01.dat,0,5,12,cylinder
973d01.dat,0,5,0,cylinder
973d02.dat,0,5,0,cylinder
973d03.dat,0,5,0,cylinder
973d04.dat,0,5,0,cylinder
973d05.dat,0,5,0,cylinder
973d06.dat,0,5,0,cylinder
973d07.dat,0,5,0,cylinder
973d08.dat,0,5,0,cylinder
973d09.dat,0,5,0,cylinder
973d0a.dat,0,5,0,cylinder
973d0b.dat,0,5,0,cylinder
973d0c.dat,0,5,0,cylinder
973d0d.dat,0,5,0,cylinder
973d0e.dat,0,5,0,cylinder
973p101.dat,0,5,0,cylinder
97492.dat,8,16,0,cylinder
979.dat,2,25,12,cylinder
98.dat,4,6,0,cylinder
980.dat,6,30,7,cylinder
98085.dat,2,6,2,clip;cylinder
98107.dat,0,4,0,cylinder
98138pd11.dat,0,1,0,cylinder
982.dat,2,3,0,cylinder
98220.dat,0,8,0,cylinder
98222.dat,0,24,0,cylinder
98223.dat,8,16,0,cylinder
98233.dat,12,36,0,cylinder
98263.dat,5,12,0,cylinder;generic
98280.dat,6,23,0,cylinder
98281.dat,16,20,0,cylinder
98282.dat,3,7,0,cylinder
98285.dat,12,16,0,cylinder
98286.dat,12,18,0,cylinder
98286c01.dat,24,38,0,cylinder
98287.dat,18,42,0,cylinder
98288.dat,9,11,0,cylinder;clip
98302.dat,1,3,0,cylinder
98642.dat,0,5,9,cylinder
988.dat,3,9,0,cylinder;generic
98835.dat,6,8,0,cylinder
99.dat,0,8,0,cylinder
990.dat,20,52,0,cylinder;generic
99013.dat,1,3,0,cylinder
99013p01.dat,1,3,0,cylinder
99013p02.dat,1,3,0,cylinder
99021.dat,2,3,0,cylinder
99101.dat,0,5,0,cylinder
99131.dat,0,14,0,cylinder
99141c01.dat,0,40,0,cylinder;generic
99207.dat,3,13,0,cylinder
99301.dat,9,14,0,cylinder
99380.dat,0,4,0,generic;cylinder
99385c01.dat,0,4,0,generic;cylinder
99455.dat,1,16,0,cylinder;generic
99498.dat,2,16,0,cylinder
99498c01.dat,0,23,0,cylinder;generic
99499.dat,1,15,0,cylinder
99499c01.dat,0,22,0,cylinder;generic
99535c01.dat,12,15,0,cylinder;generic
99550c01.dat,6,16,0,cylinder;generic
99570.dat,0,4,0,cylinder
99617.dat,4,5,0,cylinder
99617c01.dat,8,10,0,cylinder
997.dat,10,12,0,cylinder
99780.dat,3,9,0,cylinder
99781.dat,3,9,0,cylinder
99798-f1.dat,3,5,0,cylinder
99798-f2.dat,3,5,0,cylinder
99798a.dat,0,5,0,cylinder
99798b.dat,0,5,0,cylinder
997c01.dat,10,38,0,cylinder
997c01d01.dat,0,38,0,cylinder
997c02.dat,10,38,0,cylinder
998.dat,0,26,0,cylinder
99841.dat,0,17,0,cylinder
t1001c01.dat,42,54,0,cylinder;generic
t1005c01.dat,8,16,0,cylinder
t1032c01.dat,0,3,0,cylinder
t1032c02.dat,0,3,0,cylinder
t1042c01.dat,0,2,0,cylinder
t1046c01.dat,0,4,0,cylinder
t1052c01.dat,0,4,0,cylinder
t1052c02.dat,0,4,0,cylinder
t1052c03.dat,0,4,0,cylinder
t1052c04.dat,0,4,0,cylinder
t1052c05.dat,0,4,0,cylinder
t1052c06-f1.dat,0,4,0,cylinder
t1052c06-f2.dat,0,4,0,cylinder
t1052c07.dat,0,4,0,cylinder
t1052c08.dat,0,4,0,cylinder
t1052c09.dat,0,4,0,cylinder
t1052c10.dat,0,4,0,cylinder
t1060c01.dat,0,12,0,cylinder
t1064c01.dat,0,8,0,cylinder
t1064c02.dat,0,8,0,cylinder
t43243.dat,4,12,0,cylinder
u1193.dat,0,576,0,cylinder
u1454.dat,0,280,0,cylinder
u1454p01.dat,36,280,0,cylinder
u1850p04.dat,0,1,0,cylinder
u1852p07.dat,0,1,0,cylinder
u1852p09.dat,0,1,0,cylinder
u516.dat,26,34,0,cylinder;generic
u517.dat,1,13,0,cylinder;generic
u568.dat,0,176,0,cylinder
u574.dat,70,126,0,cylinder
u586p01c03.dat,14,15,1,generic;cylinder;clip
u586p01c04.dat,14,15,1,generic;cylinder;clip
u586p02c03.dat,14,15,1,generic;cylinder;clip
u586p02c04.dat,14,15,1,generic;cylinder;clip
u586p03c03.dat,14,15,1,generic;cylinder;clip
u587p01c02.dat,14,15,1,generic;cylinder;clip
u588p01c02.dat,0,1,0,generic
u588p01c03.dat,14,15,1,generic;cylinder;clip
u588p01c04.dat,14,15,1,generic;cylinder;clip
u588p01c05.dat,14,15,1,generic;cylinder;clip
u588p02c02.dat,0,1,0,generic
u588p02c03.dat,14,15,1,generic;cylinder;clip
u588p02c04.dat,14,15,1,generic;cylinder;clip
u589p01c02.dat,14,15,1,generic;cylinder;clip
u589p02c02.dat,0,1,0,generic
u589p02c03.dat,14,15,1,generic;cylinder;clip
u590p01c02.dat,14,15,1,generic;cylinder;clip
u590p02c02.dat,14,15,1,generic;cylinder;clip
u592p01c02.dat,14,15,1,generic;cylinder;clip
u592p01c03.dat,14,15,1,generic;cylinder;clip
u592p01c04.dat,14,15,1,generic;cylinder;clip
u592p02c02.dat,14,15,1,generic;cylinder;clip
u595p01c02.dat,0,1,0,generic
u595p01c03.dat,0,1,0,generic
u595p01c04.dat,14,15,1,generic;cylinder;clip
u595p01c05.dat,14,15,1,generic;cylinder;clip
u595p01c06.dat,14,15,1,generic;cylinder;clip
u595p01c07.dat,14,15,1,generic;cylinder;clip
u595p01c08.dat,14,15,1,generic;cylinder;clip
u595p01c09.dat,14,15,1,generic;cylinder;clip
u595p01c10.dat,14,15,1,generic;cylinder;clip
u595p02c02.dat,0,1,0,generic
u595p02c03.dat,0,1,0,generic
u595p02c04.dat,14,15,1,generic;cylinder;clip
u595p02c05.dat,14,15,1,generic;cylinder;clip
u600p01c02.dat,14,15,1,generic;cylinder;clip
u600p02c02.dat,14,15,1,generic;cylinder;clip
u608.dat,5,7,0,cylinder
u609.dat,8,10,0,cylinder
u8007b.dat,24,48,0,cylinder
u8010.dat,196,396,0,cylinder
u8011.dat,0,200,0,cylinder
u8100.dat,8,24,0,cylinder
u8101.dat,5,13,0,cylinder
u8104.dat,8,48,0,cylinder
u8200.dat,8,16,0,cylinder
u8201.dat,16,32,0,cylinder
u8202.dat,32,64,0,cylinder
u8203.dat,48,96,0,cylinder
u8204.dat,30,58,0,cylinder
u8204p01.dat,30,58,0,cylinder
u8205.dat,51,79,0,cylinder
u9004.dat,82,114,0,cylinder
u9004c01.dat,0,114,0,cylinder
u9004c02.dat,0,114,0,cylinder
u9005.dat,82,114,0,cylinder
u9005c01.dat,0,114,0,cylinder
u9008p07.dat,0,1,0,cylinder
u9017.dat,0,9,0,cylinder
u9023.dat,0,62,0,cylinder
u9033.dat,28,36,0,cylinder
u9034.dat,28,32,2,cylinder
u9035.dat,0,19,0,cylinder
u9036.dat,0,19,0,cylinder
u9038.dat,16,136,0,cylinder
u9040c01.dat,68,130,0,cylinder
u9041c01.dat,69,131,0,cylinder;generic
u9046.dat,0,10,0,cylinder
u9058.dat,6,150,0,cylinder
u9058c01.dat,1,151,0,cylinder
u9058c02.dat,5,156,0,cylinder
u9058c03.dat,5,156,0,cylinder
u9062.dat,4,16,0,cylinder
u9062c01.dat,0,37,0,cylinder
u9062c02.dat,0,37,0,cylinder
u9083.dat,0,8,0,cylinder
u9105p01c02.dat,14,15,1,generic;cylinder;clip
u9105p01c03.dat,14,15,1,generic;cylinder;clip
u9105p01c05.dat,14,15,1,generic;cylinder;clip
u9105p01c06.dat,14,15,1,generic;cylinder;clip
u9105p02c02.dat,14,15,1,generic;cylinder;clip
u9105p03c02.dat,14,15,1,generic;cylinder;clip
u9105p04c02.dat,14,15,1,generic;cylinder;clip
u9106p01c02.dat,14,15,1,generic;cylinder;clip
u9106p01c03.dat,14,15,1,generic;cylinder;clip
u9106p02c02.dat,14,15,1,generic;cylinder;clip
u9106p03c02.dat,14,15,1,generic;cylinder;clip
u9107p01c02.dat,14,15,1,generic;cylinder;clip
u9107p01c03.dat,14,15,1,generic;cylinder;clip
u9107p02c02.dat,14,15,1,generic;cylinder;clip
u9107p03c02.dat,14,15,1,generic;cylinder;clip
u9107p03c03.dat,14,15,1,generic;cylinder;clip
u9107p04c02.dat,14,15,1,generic;cylinder;clip
u9107p04c03.dat,14,15,1,generic;cylinder;clip
u9107p05c02.dat,14,15,1,generic;cylinder;clip
u9107p05c03.dat,14,15,1,generic;cylinder;clip
u9107p06c02.dat,14,15,1,generic;cylinder;clip
u9108p01c02.dat,14,15,1,generic;cylinder;clip
u9108p01c03.dat,14,15,1,generic;cylinder;clip
u9108p02c02.dat,14,15,1,generic;cylinder;clip
u9108p03c02.dat,14,15,1,generic;cylinder;clip
u9109p01c02.dat,14,15,1,generic;cylinder;clip
u9109p02c02.dat,14,15,1,generic;cylinder;clip
u9111c01.dat,0,2,0,cylinder
u9132c01.dat,0,2,0,cylinder
u9132c02.dat,0,2,0,cylinder
u9132c03.dat,0,2,0,cylinder
u9132c04.dat,0,2,0,cylinder
u9132c05.dat,2,4,0,cylinder;generic
u9133c01.dat,0,2,0,cylinder
u9140p01c02.dat,14,15,1,generic;cylinder;clip
u9140p01c03.dat,14,15,1,generic;cylinder;clip
u9140p01c04.dat,14,15,1,generic;cylinder;clip
u9140p02c02.dat,14,15,1,generic;cylinder;clip
u9141p01c02.dat,14,15,1,generic;cylinder;clip
u9142p01c02.dat,0,1,0,generic
u9142p01c03.dat,0,1,0,generic
u9142p01c04.dat,14,15,1,generic;cylinder;clip
u9142p01c05.dat,14,15,1,generic;cylinder;clip
u9142p01c06.dat,14,15,1,generic;cylinder;clip
u9142p01c07.dat,14,15,1,generic;cylinder;clip
u9142p01c08.dat,14,15,1,generic;cylinder;clip
u9142p01c09.dat,14,15,1,generic;cylinder;clip
u9142p01c10.dat,14,15,1,generic;cylinder;clip
u9142p01c11.dat,14,15,1,generic;cylinder;clip
u9142p02c02.dat,0,1,0,generic
u9142p02c03.dat,14,15,1,generic;cylinder;clip
u9142p02c04.dat,14,15,1,generic;cylinder;clip
u9142p03c02.dat,0,1,0,generic
u9142p03c03.dat,14,15,1,generic;cylinder;clip
u9142p03c04.dat,14,15,1,generic;cylinder;clip
u9142p04c02.dat,0,1,0,generic
u9142p04c03.dat,14,15,1,generic;cylinder;clip
u9147p01c02.dat,14,15,1,generic;cylinder;clip
u9147p01c03.dat,14,15,1,generic;cylinder;clip
u9147p01c04.dat,14,15,1,generic;cylinder;clip
u9147p01c05.dat,14,15,1,generic;cylinder;clip
u9147p01c06.dat,14,15,1,generic;cylinder;clip
u9147p02c02.dat,14,15,1,generic;cylinder;clip
u9147p03c02.dat,14,15,1,generic;cylinder;clip
u9148c01.dat,8,50,0,cylinder
u9149.dat,20,42,0,cylinder
u9150p01c02.dat,14,15,1,generic;cylinder;clip
u9150p02c02.dat,0,1,0,generic
u9150p02c03.dat,14,15,1,generic;cylinder;clip
u9150p02c04.dat,14,15,1,generic;cylinder;clip
u9151p01c02.dat,0,1,0,generic
u9151p01c03.dat,14,15,1,generic;cylinder;clip
u9151p01c04.dat,14,15,1,generic;cylinder;clip
u9151p02c02.dat,0,1,0,generic
u9151p02c03.dat,14,15,1,generic;cylinder;clip
u9153p01c02.dat,14,15,1,generic;cylinder;clip
u9153p02c02.dat,14,15,1,generic;cylinder;clip
u9155.dat,2,6,0,cylinder
u9155c01.dat,0,8,0,cylinder
u9156c01.dat,0,17,0,cylinder
u9156c02.dat,0,17,0,cylinder
u9158.dat,1,13,0,cylinder
u9161.dat,0,1,0,cylinder
u9168.dat,0,1,0,cylinder
u9169c01.dat,0,2,0,cylinder
u9170.dat,0,4,0,cylinder
u9170c01.dat,0,8,0,cylinder
u9170c02.dat,0,8,0,cylinder
u9190c01.dat,0,7,0,cylinder;generic
u9190c02.dat,0,7,0,cylinder;generic
u9204.dat,0,8,0,cylinder
u9204c01.dat,0,8,0,cylinder
u9204c02.dat,14,23,1,cylinder;generic;clip
u9205.dat,0,16,0,cylinder
u9205c01.dat,0,16,0,cylinder
u9206.dat,0,12,0,cylinder
u9206c01.dat,0,12,0,cylinder
u9210p01c01.dat,0,6,1,cylinder;generic;clip
u9210p02c01.dat,0,6,1,cylinder;generic;clip
u9210p03c01.dat,0,6,1,cylinder;generic;clip
u9224.dat,0,4,0,cylinder
u9225.dat,0,4,0,cylinder
u9228c01.dat,0,2,0,cylinder
u9228c02.dat,0,2,0,cylinder
u9228c03.dat,0,2,0,cylinder
u9228c04.dat,0,4,0,cylinder
u9230.dat,4,29,0,cylinder
u9230c01.dat,19,150,0,cylinder;generic
u9230c02.dat,19,150,0,cylinder;generic
u9231.dat,0,44,0,cylinder
u9231c00.dat,0,44,0,cylinder
u9231c01.dat,2,49,0,cylinder
u9231c02.dat,2,49,0,cylinder
u9232.dat,0,44,0,cylinder
u9232c00.dat,0,44,0,cylinder
u9232c01.dat,2,49,0,cylinder
u9232c02.dat,2,49,0,cylinder
u9233.dat,0,8,1,cylinder
u9233c00.dat,0,8,1,cylinder
u9233c01.dat,2,5,1,cylinder
u9233c02.dat,2,5,1,cylinder
u9234.dat,0,8,1,cylinder
u9234c00.dat,0,8,1,cylinder
u9234c01.dat,2,5,1,cylinder
u9234c02.dat,2,5,1,cylinder
u9236.dat,0,43,0,cylinder
u9236c01.dat,0,43,0,cylinder
u9236c02.dat,0,53,0,cylinder
u9236c03.dat,0,69,0,cylinder
u9237.dat,0,12,0,cylinder
u9247.dat,0,31,0,cylinder
u9263.dat,0,10,0,cylinder
u9270.dat,0,1,0,cylinder
u9307.dat,1,9,0,cylinder
u9308.dat,1,9,0,cylinder
u9310c01.dat,1,203,0,cylinder
u9310c02.dat,1,203,0,cylinder
u9310c03.dat,1,203,0,cylinder
u9310c04.dat,1,203,0,cylinder
u9310c05.dat,0,200,0,cylinder
u9310c06.dat,0,200,0,cylinder
u9310c07.dat,0,200,0,cylinder
u9310c08.dat,0,200,0,cylinder
u9313.dat,0,200,0,cylinder
u9322.dat,0,4,0,cylinder
u9324p01c01.dat,0,8,0,cylinder
u9325.dat,46,62,0,cylinder
u9325c01.dat,32,62,0,cylinder
u9327.dat,15,23,0,cylinder
u9327c01.dat,15,23,0,cylinder
u9333c01.dat,12,15,0,cylinder;generic
u9341.dat,0,32,0,cylinder
u9343.dat,0,16,0,cylinder
u9346c01.dat,20,24,1,cylinder
u9352.dat,0,8,0,cylinder
u9355.dat,13,29,0,cylinder
u9356.dat,12,38,0,cylinder
u9356c01.dat,0,67,0,cylinder
u9363.dat,0,5,0,cylinder
u9364c01.dat,0,18,0,cylinder
u9364c02.dat,0,18,0,cylinder
u9367c01.dat,0,32,0,cylinder
u9367c02.dat,0,32,0,cylinder
u9370.dat,16,36,0,cylinder;fingers
u9370c01.dat,14,37,0,cylinder;fingers
u9370c02.dat,14,37,0,cylinder;fingers
u9370c03.dat,14,37,0,cylinder;fingers
u9370c04.dat,14,37,0,cylinder;fingers
u9370c05.dat,14,37,0,cylinder;fingers
u9370c06.dat,14,37,0,cylinder;fingers
u9371d01.dat,0,1,0,fingers
u9372.dat,8,24,0,cylinder
u9372c01.dat,16,35,0,cylinder;generic
u9372c02.dat,14,33,0,cylinder
u9384c01.dat,4,6,0,cylinder
u9388.dat,3,29,0,cylinder
u9393c01.dat,0,50,0,cylinder;generic
u9393c02.dat,0,50,0,cylinder;generic
u9393p01c01.dat,0,50,0,cylinder;generic
u9417c01.dat,3,5,0,cylinder
u9422.dat,0,1,0,cylinder
u9422c01.dat,0,1,0,cylinder
u9449.dat,0,46,0,cylinder
u9450.dat,0,46,0,cylinder
u9461c01.dat,0,14,0,cylinder
u9470c01.dat,0,6,0,cylinder
u9479c01.dat,0,14,0,cylinder
u9482.dat,4,44,0,cylinder
u9482c01.dat,48,92,0,cylinder
u9484.dat,14,36,0,cylinder;fingers
u9487c01.dat,0,2,0,cylinder
u9497.dat,0,8,0,cylinder
u9501c01.dat,1,3,0,cylinder
u9503c01.dat,0,3,0,cylinder
u9534p01c01.dat,0,4,0,cylinder
u9548.dat,1,31,0,cylinder
u9550c01.dat,0,2,0,cylinder
u9551.dat,2,16,0,cylinder
u9552.dat,36,116,0,cylinder
u9554.dat,0,4,0,cylinder
u9559c01.dat,0,2,0,cylinder
u9567.dat,0,4,0,cylinder
u9569p01c01.dat,0,8,0,cylinder
u9597.dat,0,8,0,cylinder
u9598.dat,0,8,0,cylinder
u977.dat,0,12,0,cylinder
